1,0.385106576,12.45693019,0.772355188,1.975229205,-0.032748824,-4.979390714,-3.03611797,-27.10167472,-43.89382237,-47.69370423,-49.49093861,-52.2963419,-52.45553181,-57.3901131,-52.97831079,-59.023731,-54.24989981,-55.57008992,-55.45043121,-55.68769618,-56.90256916,-58.4249426,-59.41092932,-44.66380222,-44.9907216,-45.15251161,-45.53632687,-45.63511954,-45.89085783,-45.63887416,-45.76750555,-45.2031222,-44.80099765,-45.47305138,-44.59260101,-45.25156482,-44.17695211,-45.36914468
1,0.245621074,3.525282586,0.582905054,0.595312439,-0.699173442,-1.155416779,-2.560532423,-9.782040074,-45.08601579,-48.67387703,-53.02023545,-54.41392574,-57.1787349,-55.20134494,-60.12597461,-58.52668779,-55.50599775,-55.33398695,-53.91084687,-57.05134373,-57.26373178,-54.40152803,-56.74849571,-50.37378199,-50.44662737,-50.88631201,-52.23420378,-51.95464173,-48.98218346,-50.29446977,-49.29461198,-49.33213263,-50.04206732,-49.46920513,-49.78709281,-50.56635838,-50.87943855,-57.43262722
1,2.239555989,7.712257996,0.548310506,1.125190803,-0.327097841,-4.207615323,-1.286902246,-21.80936129,-46.16410579,-48.55505955,-55.96077771,-55.45856871,-54.09760439,-55.00111343,-52.80636636,-55.03919618,-53.80340248,-52.21377147,-53.09367225,-52.03778747,-51.71151657,-51.48933301,-51.72872892,-48.45194006,-54.38395187,-48.48685635,-50.56646122,-50.52636454,-48.09700508,-48.21503171,-47.56598074,-46.77062457,-47.22014621,-46.80366639,-46.60268113,-46.83777296,-46.73413423,-46.18091114
1,0.52222562,3.757631691,0.336315643,0.565459871,0.347408196,-2.363403957,-2.935779936,-12.04344983,-47.66429365,-53.33094441,-52.17987099,-53.56790986,-57.41370666,-55.30750261,-54.24707967,-56.75673462,-62.88251214,-57.62483775,-56.34020092,-61.02381047,-59.06177235,-55.88361198,-58.11566826,-50.4980816,-51.07383599,-54.47705546,-51.46858128,-51.61477158,-51.30744196,-49.47997389,-49.34150758,-50.26444493,-49.87545851,-50.54936341,-50.06050925,-50.67233321,-51.51057046,-50.76542452
1,0.141866026,2.144021681,0.395665713,0.384898872,0.273450812,-1.415726623,-3.187356938,-13.60797148,-47.07299874,-52.70733364,-50.62701417,-56.8541344,-53.99759251,-53.272251,-58.75676845,-54.75834409,-55.6009691,-61.50452816,-54.18392906,-56.97268525,-63.93352689,-55.93182163,-56.16381602,-55.41823942,-57.02431371,-54.130213,-55.52134095,-56.85734013,-59.00591416,-52.05354403,-50.45865848,-49.99728577,-51.07012513,-49.77390072,-51.07887053,-54.25182579,-54.8077126,-53.94003376
1,0.034766283,5.464542739,0.399805163,1.086201984,-0.501442174,4.39602555,-4.140182939,2.791956767,-47.38718182,-48.65599024,-55.07335752,-52.66434886,-66.1499911,-56.57855528,-55.83306826,-55.81540316,-56.23174196,-56.92472765,-57.92123186,-59.39878427,-58.52791949,-62.21932493,-57.62237557,-46.59074262,-46.46717895,-48.37538057,-47.78329055,-46.86989868,-46.8285973,-48.42415698,-48.18288311,-47.94162974,-47.61246003,-48.01504698,-48.64130111,-48.6232379,-49.06321708,-48.69898612
1,1.044223057,1.172772312,0.310956241,0.469283301,-0.130177109,-3.589511299,-1.819344306,-12.16039368,-48.38687137,-52.51620194,-53.29276673,-55.11909175,-59.00626727,-54.72048682,-60.33692309,-54.72830636,-55.72009453,-54.36117214,-55.25783829,-55.00867862,-54.78256004,-58.55649834,-55.31477061,-50.14370243,-49.25401494,-51.04373302,-49.90429849,-51.11464357,-51.49210815,-52.56535831,-51.6185365,-51.64185055,-51.70327046,-53.56277718,-53.09561023,-53.81171913,-53.41908439,-52.03351451
1,0.790339984,2.19917322,0.356562841,0.46347048,-0.035581938,-2.619702347,-3.529349682,-13.06801655,-47.9691001,-49.7210588,-56.31640332,-53.22480323,-59.3443714,-53.36849162,-63.43182855,-53.5147312,-61.72504138,-55.34150777,-59.01632508,-54.74414772,-62.49004951,-55.33786917,-59.57015392,-50.16451265,-50.54469172,-51.73663047,-50.88723539,-51.20672383,-49.95425953,-50.57229134,-50.84444807,-50.15853507,-51.19663057,-52.41696257,-53.28213255,-56.24536428,-58.72802694,-61.03316512
1,0.088335333,2.23104928,0.260868959,0.391934814,-0.486826204,4.283735632,-3.029624217,-18.56597472,-48.61113944,-54.36317181,-55.27889353,-56.79170499,-55.06920324,-57.25714699,-56.09940078,-58.37878361,-57.87537766,-58.1066135,-58.8200731,-56.27443969,-63.34928231,-58.37182321,-70.34602243,-49.65443698,-53.68961836,-51.03197845,-53.02761449,-53.29737335,-53.67390542,-52.62394548,-53.09844295,-54.11533201,-53.51626338,-52.69934765,-51.42439792,-52.02125479,-51.42725007,-52.35609305
1,0.1481842,7.817687612,0.195813153,1.218233488,-0.356093165,-4.146966087,-1.665256684,-21.31785645,-50.61181057,-53.29904538,-57.71402189,-53.70794939,-60.66213913,-56.92965911,-58.54612922,-60.60118361,-65.71888113,-62.70080293,-57.35851967,-57.86329037,-60.15295515,-56.82673276,-61.59047011,-47.07227484,-47.24964156,-47.90585509,-49.56208342,-46.12281645,-46.17608019,-46.44864846,-46.49058718,-47.48693021,-47.9406325,-47.52106998,-47.56657866,-47.19162961,-47.71476337,-47.8734916
1,0.368020332,2.836151716,0.271251848,0.393617384,-2.427495547,0.058132973,8.111328619,-11.14527682,-51.62862985,-49.87004976,-53.6545227,-52.91612846,-53.6822676,-54.89286913,-54.40961603,-56.31149893,-56.68530984,-55.58863046,-58.65270538,-57.03858523,-57.63772034,-57.98233076,-56.66816076,-51.91170024,-54.69226251,-55.98671186,-60.64987091,-54.90284369,-53.64709381,-52.67626856,-54.88399654,-51.85398827,-51.48979993,-51.57820132,-50.84179877,-52.11269836,-50.15975879,-50.39264173
1,1.721921922,2.763157639,0.286265936,0.417891832,-0.317832125,-1.513468391,2.102664987,-15.27614559,-49.82558029,-56.80113806,-57.75721305,-55.64520586,-53.96089,-53.73486306,-54.68647563,-53.57392436,-54.57777704,-54.18383369,-54.04482858,-54.25285464,-54.16625387,-53.55957506,-53.47225956,-55.71951901,-53.92817349,-61.97346515,-52.17544077,-51.67356564,-51.42316954,-50.62511592,-51.86203839,-52.33788376,-53.34059579,-56.09248929,-53.19883328,-50.96722208,-51.18424304,-49.87450507
1,0.357040851,3.665562176,0.314488718,0.512968315,-0.272757722,2.09827013,-1.192980965,-17.69438821,-48.56825174,-53.6269775,-51.88404643,-52.39296408,-53.91984167,-53.40538085,-54.48205176,-55.72394381,-56.6486455,-57.27210983,-56.47519128,-57.62644995,-57.36318301,-58.19450186,-61.55496475,-51.50393144,-52.43841838,-57.12951307,-52.80861531,-53.75690003,-55.4649817,-52.37593899,-51.45338815,-53.60145631,-50.95956478,-50.43974867,-49.65411859,-49.89265657,-49.42630558,-48.98838033
1,0.985068586,0.886061808,0.326328344,0.277742184,0.047219676,3.780372125,-1.724008977,-20.00187502,-48.28033735,-53.3700705,-51.66703465,-52.17511603,-53.53055295,-56.90466917,-55.68350857,-55.93944484,-55.32132625,-55.7583772,-56.08032518,-57.78757829,-57.5933862,-57.36460886,-58.83825079,-53.26942785,-52.71055855,-53.27486021,-52.68639536,-52.5916098,-52.76179798,-52.94580392,-52.03050773,-52.73085947,-53.98315334,-61.68609468,-58.06125284,-57.0725175,-55.99649473,-57.39966701
1,0.362151135,3.011178961,0.377728741,0.608696288,-0.199315936,4.582956286,-2.862021349,-26.37279716,-46.92469905,-54.2716273,-53.86339965,-54.48296991,-52.57188109,-53.99390748,-56.16846484,-57.81533682,-56.93656094,-57.34149638,-56.63619084,-57.50722977,-59.77132884,-66.72319431,-57.66806489,-49.43549646,-48.74037173,-49.75398297,-50.55873643,-49.88313857,-51.62545207,-51.12925247,-50.89463233,-51.40086647,-50.75861543,-50.76578439,-50.22403042,-50.85724642,-50.08729006,-49.64189222
1,0.798145107,0.079963531,0.314011323,0.152555253,-0.654757346,0.842102857,-2.461614417,-3.764586571,-48.22687483,-53.53939466,-51.1446717,-58.15763994,-55.32690337,-56.01259293,-55.14935359,-57.26166578,-59.78972938,-57.04911628,-57.02524281,-55.35896745,-55.80067447,-57.30602371,-57.25203669,-55.47499412,-56.04559196,-57.79258009,-56.14145926,-59.92857867,-54.22957616,-59.44167643,-57.33901614,-58.29516386,-55.7133672,-53.7411142,-55.85183096,-57.20949746,-61.63688732,-57.07614422
1,0.166986373,6.96155136,0.29529692,1.172899201,-0.819282909,-4.930289836,-1.366243598,-17.54955299,-50.42062389,-50.53843162,-52.9783211,-54.27606297,-52.8179128,-58.67324452,-53.5315853,-54.38169138,-54.76720827,-53.69430244,-55.01141887,-56.18244097,-60.56265877,-56.69785741,-55.82461773,-47.63763969,-48.22641344,-47.31427148,-47.38012166,-46.50157778,-46.53322368,-46.12310062,-46.96637218,-47.65062351,-48.46509161,-48.18776837,-47.53852155,-47.8077027,-47.84113076,-47.99854818
1,0.746448349,4.487912769,0.470572133,0.614372836,-0.238243847,1.880158026,-2.823783066,-18.272573,-45.89971486,-52.93709865,-55.36462829,-52.66965933,-53.8019096,-54.73147098,-55.01317852,-55.22532441,-55.54821303,-55.34812114,-55.06586433,-55.76452781,-58.70564427,-54.99733408,-58.57990251,-50.94522389,-51.90845283,-55.17601321,-58.74013133,-51.74778387,-51.44354224,-50.95486444,-49.49723961,-50.28626037,-50.29069047,-50.4220548,-49.6910101,-48.91685102,-48.6387968,-48.93341148
1,0.275757818,4.443312365,0.406261902,0.7537482,-0.223455436,4.641965275,-2.994921183,-28.26064216,-46.53294156,-51.01546084,-55.80768719,-53.88390957,-55.92134941,-55.55726872,-63.60625927,-55.93549814,-65.03883102,-57.0542605,-61.22237781,-60.15584452,-64.82984049,-55.90478542,-61.75793733,-48.04592979,-48.22794277,-49.77130915,-48.84739658,-49.46155526,-49.40861616,-48.70279473,-49.72491538,-50.00791347,-49.16170034,-50.94592447,-50.17561023,-48.94605572,-49.92027424,-50.12405124
1,0.084572352,3.700891391,0.341357262,0.54764507,-0.011573715,-2.812529366,-2.915960828,-4.366564706,-48.23949579,-50.30268971,-55.64840342,-52.0891415,-52.50120002,-57.98865865,-53.17894111,-59.68664752,-55.92106716,-57.01860158,-59.55888916,-63.52506599,-58.27905222,-59.58675611,-61.36815961,-53.79201135,-53.00839083,-52.46672623,-56.28654282,-51.12987519,-52.24431995,-52.74741918,-52.08768241,-51.11621393,-50.68008681,-50.45904215,-49.22579177,-49.2104289,-49.63407082,-48.57783018
1,1.120173485,2.347149768,0.393657705,0.612357477,-0.182481343,-3.507702515,-2.387205914,5.428026577,-47.09191238,-52.00647553,-53.31491507,-51.87560546,-64.5580627,-53.50003629,-58.91834943,-56.84231841,-54.98013644,-60.22483098,-54.88990263,-56.19447519,-55.07462801,-54.15303355,-56.35351839,-54.1866079,-49.85817608,-48.22138004,-49.79669159,-48.67651676,-50.35397127,-50.12821524,-49.46353178,-52.58448131,-49.98507451,-52.28740606,-50.53008457,-51.17254441,-51.48021034,-50.17886776
1,1.080527051,1.376193523,0.304994755,0.520088988,-0.118243787,-3.594047526,-1.428812241,-8.320292092,-48.7169298,-54.67393573,-54.67851148,-52.4256786,-59.33813319,-53.31913673,-55.65834023,-55.56897811,-54.46497957,-61.97027054,-53.48847544,-56.67512987,-55.06143595,-54.93923125,-56.44680429,-51.84091359,-49.57488341,-49.66558328,-50.04859282,-49.57797717,-49.65366105,-50.91480215,-50.25004977,-51.04138184,-51.84512204,-51.81731201,-52.8006765,-54.27739435,-53.59414269,-53.09964305
1,0.785625324,2.108422632,0.188940747,0.353277778,-2.103798231,1.745567818,-0.604231139,-13.42936418,-53.28571624,-52.66194168,-54.84508991,-54.82797369,-54.78914161,-57.20988066,-54.15562576,-56.57441021,-55.96489661,-55.41305822,-57.6029316,-57.30819382,-57.56126996,-64.32132983,-61.75775839,-50.9616593,-53.356749,-56.38017415,-52.09691333,-51.55816093,-54.44680405,-54.13635042,-54.16630793,-59.06513021,-56.7116661,-52.3936542,-52.95885909,-51.18399768,-50.53992128,-52.27427241
1,0.346220519,2.766663592,0.440361791,0.631693033,-0.736923303,2.817756828,-3.191279711,-8.380539799,-46.36592677,-49.67307805,-54.09867374,-53.12108198,-56.12082833,-58.91702128,-57.69449383,-57.98180454,-58.92487437,-57.79785256,-61.13211252,-56.62245139,-59.12532183,-55.53969846,-62.00466537,-51.04213892,-48.571646,-49.74606141,-48.75289804,-49.45977347,-49.98597786,-48.92479184,-50.16746016,-49.3741163,-50.448697,-50.54003472,-49.94524886,-54.67545874,-52.45934051,-57.41030139
1,0.091979141,3.267623613,0.337985681,0.732795215,-0.40254599,4.769755596,-3.255535349,-27.71671505,-47.53149257,-51.55508753,-54.4406477,-54.28393913,-57.08262045,-56.25880383,-59.77991534,-57.08610889,-57.99827996,-56.06796424,-56.90803949,-58.52601704,-57.32521428,-62.52994476,-56.48376415,-47.69135386,-48.92167188,-50.31995118,-49.81150443,-49.59620237,-48.93173673,-50.26305,-49.83311922,-48.84126254,-49.33915877,-49.54931719,-50.58277382,-49.73587011,-49.89702426,-50.04493306
1,0.264874697,4.065508823,0.297630809,0.723721631,-0.05648048,3.283435052,-2.95899966,-21.98032885,-48.43063396,-52.19562077,-52.70257044,-56.24643819,-54.58003786,-54.21866208,-58.44244557,-55.99072509,-57.37160733,-58.32305253,-55.6992431,-58.75326639,-60.52434315,-59.30144501,-60.18693128,-51.24004846,-48.60111608,-48.86082276,-47.36244913,-50.19122278,-48.01436665,-49.5398747,-49.8770033,-50.47660723,-50.66205777,-49.94596343,-51.67941188,-50.22044699,-50.15769987,-50.3800789
1,0.749289637,3.601467322,0.35579815,0.564126025,-0.254255928,-1.116725234,-2.84113897,4.984182545,-47.3230375,-52.41593921,-54.76914312,-54.44658505,-58.59611137,-53.07667944,-57.88764541,-55.75967855,-57.48924037,-56.98530747,-55.34315302,-56.72489952,-55.78666499,-59.3149844,-55.84724602,-52.09560824,-57.39527052,-48.38205043,-54.19783337,-53.32554672,-53.14469364,-54.36337254,-51.1935054,-52.86692119,-49.88429617,-51.09103136,-49.04589326,-50.2680336,-48.87593434,-50.03780336
1,0.023285068,3.010398591,0.247014796,0.602654031,0.051964493,3.680247055,-2.575873616,-23.56401519,-49.911099,-50.9041044,-56.4730606,-53.808158,-57.17840228,-56.10311038,-67.48391868,-55.83279017,-62.78170908,-56.62831499,-63.02112789,-55.3134711,-59.71622232,-60.26698849,-58.19904169,-50.47395018,-51.43185806,-50.66722997,-48.22807512,-48.39940217,-48.52951017,-49.61531594,-50.85074667,-50.90579406,-51.85168605,-52.96774597,-51.39975375,-51.31187386,-51.54511948,-52.6466636
1,0.152705447,3.901992582,0.346780151,0.710863748,-0.515046581,0.807426883,-2.834740561,-11.40610885,-48.29819013,-50.89460601,-56.10722485,-51.45024522,-52.29786697,-56.440433,-55.20476229,-55.46289722,-56.08387561,-55.37605343,-61.07346324,-57.60677593,-59.02057481,-53.57964084,-55.28062457,-50.43397687,-47.83470635,-49.01988463,-49.14009452,-51.36450169,-56.04511929,-52.62595672,-49.69525569,-50.459316,-51.07632776,-53.67316374,-49.88230717,-47.78919967,-47.73095086,-49.06343497
1,0.647309711,4.221083306,0.196544697,0.738049825,-0.078617355,4.935372298,-4.664596245,-29.05067057,-50.24345716,-53.35285292,-57.6120303,-56.62769566,-59.55409954,-60.2783922,-58.40403464,-60.63709848,-60.85146933,-62.57925446,-57.93713735,-57.55122356,-58.13922573,-56.05554593,-56.78505391,-48.01760328,-49.11450473,-50.80618068,-48.88820368,-49.01014616,-48.85712911,-49.29092473,-49.08025227,-49.50800124,-49.82221048,-49.85971,-49.53098003,-50.10207711,-50.36761484,-50.20381063
1,1.720475487,10.52499565,0.593722705,1.692637336,1.09983298,-4.732513453,3.190218564,-24.28598753,-45.71391916,-52.72969297,-48.74350683,-55.97739207,-50.54654647,-53.35746564,-51.8317969,-54.97922251,-52.75194114,-52.0304764,-52.49485841,-52.67922759,-51.99917983,-52.72441838,-54.93625891,-44.99314641,-45.72320997,-46.04639896,-47.87568538,-46.76686561,-45.62341397,-45.2855945,-45.47290894,-45.33139317,-46.13155538,-46.34265997,-46.20410194,-46.68620326,-46.76453951,-44.93576488
1,0.19931634,1.107710208,0.499243386,0.233054283,-0.13775916,1.233093556,-3.580877311,-7.692031484,-45.45968668,-54.80502321,-53.08510316,-54.13303502,-53.07111419,-54.00520062,-59.29408026,-54.9306758,-59.21135098,-57.93647776,-58.80064127,-59.20241551,-56.60314631,-64.24847067,-56.36323019,-51.87090168,-52.54459238,-56.6413441,-55.36837558,-53.49650616,-57.04241424,-55.2844921,-56.58476497,-54.22494871,-53.28689896,-53.52448251,-55.84197712,-55.46506785,-56.72241811,-58.2515652
1,0.173770172,5.410803646,0.399532594,1.01633266,-0.445964941,5.125844562,-3.384057504,-28.90624391,-46.90496772,-50.39730377,-56.86874737,-52.16464369,-58.15397781,-52.9209791,-60.0736752,-54.5096547,-58.61261551,-57.64228172,-57.38163315,-61.42304311,-59.41790513,-61.48566832,-58.61359206,-47.27547226,-49.1044552,-47.77920728,-47.8183852,-47.93747027,-48.17772065,-48.40968543,-48.10752047,-48.18634055,-48.33583489,-48.01912747,-48.00025643,-47.82217232,-47.86765272,-47.77824977
1,0.585475178,0.319963051,0.286593912,0.576607128,-0.104398516,3.078025263,-2.135261893,-9.061662117,-49.23760765,-50.5762385,-56.68652802,-57.17720937,-52.71258183,-57.19161198,-55.83411705,-58.02390263,-56.5400995,-55.22949172,-57.00829835,-54.41931227,-61.08085636,-57.05546036,-66.98129579,-47.7071108,-48.08928716,-49.88732119,-49.4765924,-49.00030162,-50.48563465,-50.38134226,-51.08298856,-52.87504444,-53.49387473,-55.87911965,-55.49334553,-55.1534847,-55.16247,-55.67151373
1,1.549571323,4.473110942,0.513811822,0.625176639,-0.179928884,1.052286832,-2.151270946,-14.55999686,-45.71710401,-52.06163346,-51.92999438,-55.67404361,-53.63068673,-61.33903685,-52.71621494,-55.88742459,-53.46032257,-54.66389683,-52.11851396,-56.51234616,-53.37249093,-57.33602446,-53.43896899,-52.0009264,-50.67916126,-52.7640978,-51.16682312,-50.22159111,-52.53484789,-49.81942004,-53.52850772,-49.04932676,-50.6651453,-48.23435889,-50.34813988,-48.93671075,-50.51017721,-48.63543998
1,3.528354382,1.723706137,0.807248675,0.580812073,-1.57458141,3.230919514,-1.87064548,-20.171561,-45.1006205,-54.56519057,-48.99206977,-52.03465011,-49.34507262,-49.44297618,-50.33819398,-49.59411427,-49.54544275,-49.96216433,-49.65455979,-50.22930205,-49.58655257,-50.31241772,-50.36635144,-48.98409213,-49.07548578,-48.08278885,-48.64042838,-53.25127167,-51.13789955,-51.00035741,-52.07705506,-53.65564386,-54.07015313,-51.97103992,-52.58176202,-51.9204589,-51.49215484,-50.87102501
1,0.410185182,4.85992733,0.543926123,0.826454577,-0.840600006,4.407018171,-3.269418423,-28.19006175,-45.36081537,-48.8044538,-55.33030042,-60.69324103,-57.12031293,-56.45539768,-54.3278334,-54.40701591,-60.31414062,-55.39501872,-56.77283462,-54.97971194,-56.71296647,-61.62091897,-56.95032629,-47.44707006,-47.37996131,-48.82084246,-49.80064904,-49.0854276,-51.16474009,-51.27061994,-50.12948098,-49.80421177,-48.84198811,-48.35856897,-48.37521924,-48.8982499,-48.58446232,-48.91783154
1,0.586307867,0.369254649,0.429553268,0.176286017,-0.10362502,0.259583207,-3.274876507,-2.192340278,-46.10767565,-55.76895627,-53.95140715,-54.89264192,-53.78695225,-56.09057279,-54.48599358,-57.52459855,-55.75303676,-59.3948538,-59.10957165,-63.83167108,-59.06960729,-61.61103643,-58.82500237,-55.94245238,-56.48039313,-53.74187866,-55.03639368,-52.84600431,-54.092688,-56.7973196,-58.17718096,-59.47927449,-56.28849185,-57.23301748,-55.6606773,-60.38037712,-56.48958579,-58.14677982
1,0.016076085,9.657273211,0.368996366,1.454301108,-0.832271092,-4.935350885,-3.252468216,-19.33599581,-47.38228783,-51.4964179,-52.05658974,-53.96248831,-54.35280337,-55.64723879,-53.86841931,-65.05716711,-54.44806044,-66.3078499,-55.39757614,-58.73736765,-60.54599443,-57.92675224,-61.91836046,-47.38514509,-47.26143916,-47.01501685,-48.06572808,-46.39592332,-46.21362533,-46.84218569,-46.07182192,-46.34679806,-46.65187962,-45.66741997,-46.00346273,-46.36930071,-46.02798932,-46.38502287
1,0.985263662,5.927187506,0.572212611,1.045351279,-0.555313425,5.020707173,-3.281897418,-31.42464974,-45.07301881,-51.56172356,-51.79801173,-55.08777711,-54.59546117,-52.40638846,-55.28584969,-54.10923456,-55.96897875,-55.15055033,-53.11052298,-56.64286159,-54.18134576,-54.71619746,-57.34666228,-47.16320951,-47.8166463,-47.84343546,-48.14252428,-47.75229227,-48.91972849,-49.50109912,-48.15371895,-49.02186654,-48.40981967,-47.65599819,-48.04870378,-47.34169271,-47.32770304,-47.38741456
1,1.122603785,5.082620526,0.486212544,1.250132523,-0.159781733,-4.779903996,-2.86462159,-1.842060811,-45.61749154,-55.73751597,-53.85151795,-57.54428145,-54.15346451,-56.69424056,-55.17303067,-55.12329556,-58.10122071,-54.08174124,-56.82476554,-55.43772891,-54.68951758,-55.90435009,-54.46113133,-46.82990407,-46.40232703,-46.53713257,-47.05273886,-46.48093702,-46.05031406,-46.41387159,-46.81750458,-46.693676,-47.70125094,-47.99387405,-48.21229056,-48.35591962,-48.5272705,-48.65688463
1,2.261183216,5.523535669,0.589008923,0.764977456,-0.523768045,1.540156669,-2.161327446,-8.107553809,-45.38064638,-51.4587302,-54.45510523,-52.00458906,-56.91694694,-53.20641531,-55.17613388,-55.84598588,-51.42905314,-52.77147071,-53.5491398,-50.54741649,-52.40311575,-51.98787013,-51.51570101,-54.90124878,-53.36298616,-53.05406046,-50.05092741,-51.87815915,-49.06735779,-51.00937115,-53.54377155,-50.9603725,-50.6145255,-48.7064848,-48.43721134,-47.6224029,-47.18530899,-47.27828315
1,0.585118318,6.448567169,0.389822715,1.117218873,-0.722399304,5.25312333,-3.281249239,-30.85939632,-47.82105622,-50.10559443,-50.47140157,-52.01218362,-56.31568905,-52.41474353,-55.59819005,-55.92845693,-55.1588985,-58.87953954,-58.1532449,-55.66960454,-61.35214482,-57.90272893,-58.83398566,-46.90448682,-47.95741559,-47.26490586,-47.61335373,-47.41687761,-48.21551812,-48.62964646,-48.05783948,-47.75359778,-47.80823508,-47.68213467,-47.96356361,-47.46789304,-47.17566557,-47.13162647
1,0.735957881,0.452442237,0.500692137,0.323934848,-0.442572734,-2.458722786,-3.23111525,-10.33969658,-45.61741797,-52.85903119,-53.19086054,-55.14725168,-52.41228798,-54.44572932,-53.59947168,-55.73267724,-58.1280391,-53.94200657,-56.87582845,-56.23992764,-55.20726665,-59.22255117,-54.87142117,-51.92348037,-51.82892324,-51.29473906,-52.24496364,-51.14987048,-51.24108793,-52.25298453,-52.903569,-53.61550479,-56.87453551,-57.63704154,-58.73832655,-56.93532234,-58.5200862,-58.01436657
1,1.191826757,4.397042162,0.458672218,0.748796522,-0.541480441,-4.704964664,-1.344574212,17.81900757,-46.46055777,-52.83966069,-51.39701676,-55.6875106,-52.43406068,-53.32471313,-55.29359532,-53.70342837,-55.35330518,-56.56681983,-54.36521758,-54.26589873,-54.97490963,-52.95979788,-53.99987354,-48.0482291,-49.87919794,-48.90716222,-49.23542974,-50.40404839,-50.33522363,-50.07045511,-50.83756501,-50.27430495,-50.00427575,-50.40658266,-48.8619099,-49.33948362,-48.33747625,-48.26080277
1,0.019920694,1.782568578,0.499884263,0.311358052,0.086888994,-3.490314451,-2.552227192,-21.24678253,-45.48326134,-58.87305733,-51.75448683,-53.85262687,-60.09908543,-53.14723085,-57.79397417,-56.83946041,-57.0010562,-55.57939387,-56.64933476,-56.31674214,-57.45222471,-55.82631141,-61.08223096,-57.2431894,-54.20954366,-52.25659398,-53.96685612,-52.88067476,-53.90874891,-54.16419349,-54.6782375,-52.57422446,-52.6784458,-52.17898616,-52.05886285,-53.69259537,-52.03758774,-54.27232228
1,0.541563389,7.383718665,0.418731696,1.278443127,-0.803741465,3.848221139,-3.513123578,-18.68860724,-47.20744965,-49.79939759,-54.27723038,-50.63166667,-67.79837921,-51.63295932,-58.66694129,-54.21820189,-59.29383565,-55.6173103,-55.56462136,-58.32340119,-57.53765494,-63.4516811,-55.65653987,-45.87003219,-45.62476924,-45.83242465,-45.9288535,-46.87980713,-48.59596548,-49.35926503,-48.30938959,-47.66070769,-47.39339257,-48.7873866,-48.62892767,-49.27466045,-47.22157859,-46.29512032
1,0.117189193,0.431009682,0.497586738,0.277317735,-0.326325233,2.074266369,-3.388161837,-9.504186121,-45.60731314,-50.5830086,-57.80766836,-53.75500349,-55.52049864,-53.93796576,-57.98122717,-57.31448816,-59.99865715,-54.51979895,-60.07893112,-56.71887211,-56.93060212,-55.81006637,-56.67616697,-50.76372113,-58.3617132,-52.67593583,-52.10859134,-53.64610424,-53.67258174,-54.53455537,-54.54131868,-51.66513413,-55.70883079,-54.36200121,-58.2674215,-55.80543691,-56.24266647,-57.79552841
1,2.105793756,4.303897592,0.462083848,1.048183776,-1.510140285,4.700958398,0.523330266,-20.30900621,-48.80700442,-49.88036425,-49.72657123,-54.50281775,-50.64579499,-55.22955088,-50.7796667,-54.64444427,-51.65204399,-53.39496131,-52.74473859,-52.47246086,-53.78333937,-51.60394425,-54.12597269,-46.61660673,-47.18393558,-47.4558795,-47.52475751,-47.34031404,-47.12617423,-47.1606012,-47.33733011,-47.43649427,-47.86946322,-48.89842203,-49.36050133,-49.65932123,-50.48668527,-50.48486891
1,2.995765141,4.370142401,0.755570402,1.090287348,-0.696793835,-4.535318277,-3.235680377,-5.368502177,-44.37355599,-51.53382971,-52.13323424,-55.26389893,-50.96422435,-51.79076147,-50.45798134,-53.31570499,-50.63489485,-51.3176551,-51.70781549,-50.98137362,-51.41464971,-50.13622372,-51.15131195,-46.26723454,-46.38746987,-46.39148455,-46.77913069,-47.77437551,-46.81423203,-47.49499628,-47.77930223,-48.60585979,-48.92976031,-49.96316658,-50.31352672,-49.33116938,-49.41021795,-48.67904306
1,0.532523967,2.846166034,0.204657549,0.540595079,-0.455979123,4.100594899,-1.073445696,-24.5698663,-50.34440384,-55.5600829,-55.50560115,-54.97003272,-55.67736867,-55.23876427,-61.72794709,-55.88642507,-58.08974274,-60.28793625,-57.18027131,-57.5309258,-57.33811399,-57.42874646,-58.18736631,-51.50263072,-50.55447656,-49.3266285,-49.71203381,-49.58479637,-50.13155204,-49.81381044,-49.84747975,-50.5228295,-50.73572176,-51.64018479,-52.95909765,-54.29482865,-53.21672651,-53.72872362
1,0.108385954,13.73157351,0.388975419,1.806793002,-0.781334125,-2.898964451,-2.560045242,1.519429916,-47.92991921,-51.53971578,-49.62758969,-52.31848224,-53.88383002,-53.9661501,-52.72806663,-55.74790896,-58.07990163,-55.47770868,-54.90315347,-60.45979125,-58.16239712,-59.8000012,-57.05979775,-49.8227873,-48.64816316,-50.32454811,-47.48523058,-47.43877561,-47.46481864,-46.12023382,-45.86595686,-45.63155704,-44.92437186,-44.8801042,-44.44645433,-44.28818272,-44.15562592,-43.73631404
1,0.105528291,1.209258953,0.503453587,0.451026305,-0.396054656,-3.300693166,-2.644027376,-11.58727216,-45.52064059,-55.12001826,-51.50739604,-52.54638357,-58.75960276,-53.44756886,-56.33228577,-55.66727878,-60.30085987,-56.68713201,-59.14028547,-57.55103192,-55.62214997,-63.25736336,-54.29943689,-52.95164569,-50.46893713,-49.55351097,-51.78638525,-48.82592121,-50.71695259,-50.75562725,-51.34437406,-51.94207654,-53.03909517,-56.69938156,-56.00120747,-54.92466916,-53.9954831,-56.45999703
1,3.358717886,2.640855099,0.636099278,0.531790693,-2.431481261,3.395963578,7.963738347,-14.36448447,-46.66205718,-49.52639134,-51.75200303,-49.96332439,-50.49905495,-51.75448213,-51.31431834,-51.60602286,-50.83688544,-51.59569101,-50.93215454,-50.34779096,-50.88758494,-50.07814235,-50.65804701,-49.70977836,-50.04975947,-49.37927891,-48.39683073,-50.72931624,-49.99412364,-50.63255102,-50.98445428,-51.600398,-51.42654789,-53.01013414,-53.18711425,-53.18558867,-54.49769914,-56.7261196
1,0.534130777,3.035219452,0.408982975,0.574652464,0.097645662,4.043643391,-2.451444109,-23.96719357,-46.7580705,-58.81220843,-50.29203508,-54.24553763,-52.64107664,-55.09625561,-55.92968766,-57.60198659,-57.19606903,-60.87167827,-56.20914276,-57.64488065,-57.35467569,-57.93875663,-57.31843516,-52.35293722,-52.5827125,-49.55516159,-52.58254356,-52.80096237,-52.2388493,-50.89210769,-50.32814298,-49.41521682,-49.56061722,-49.8109296,-50.44321072,-49.3349961,-50.42505588,-49.84804093
1,0.104772982,7.363125797,0.632062632,1.183635872,-0.700288184,4.852317371,-3.336636908,-31.06851698,-44.53601357,-48.7445061,-53.61686953,-62.77383145,-56.79781063,-52.92072616,-56.52243083,-56.50284933,-59.59794065,-59.11508117,-62.72208664,-56.26635453,-59.00567925,-61.70826115,-59.16509554,-47.7967859,-48.61044181,-46.33495159,-47.8527993,-47.27258752,-47.36020083,-48.56188605,-47.20409032,-48.24740905,-48.51706692,-47.2085005,-47.56936997,-46.44377547,-46.94140493,-46.8926917
1,9.21E-04,2.703162174,0.494326488,0.394443466,-0.199489197,-2.183221878,-3.101598918,-15.67643601,-45.44146546,-52.76384921,-57.05128563,-56.81473476,-53.74466782,-58.0357864,-57.07724739,-54.64249328,-56.91697392,-55.69059644,-57.81785046,-58.91320099,-57.81259972,-60.97265379,-58.11023606,-50.66436598,-55.87405977,-51.82985514,-53.77695709,-55.88806952,-51.86280698,-51.54713856,-51.13452684,-53.04853894,-52.07871096,-52.73237809,-51.6823626,-52.30846115,-51.70901736,-51.70031917
1,0.174729756,8.071667536,0.225785001,1.239770694,-0.248162594,-4.752897393,0.066469819,-15.68584024,-50.18394356,-53.76350777,-52.61191561,-62.89848759,-55.78317259,-62.06804079,-55.94085339,-59.79984845,-54.85598192,-57.80230343,-55.64550187,-60.3978003,-55.10110588,-59.42386786,-58.02900292,-47.48390323,-47.34853844,-47.16974159,-46.94252564,-46.91175593,-47.03350652,-47.07343759,-46.81422963,-46.88552495,-46.96029813,-46.95937101,-47.28048041,-47.32895926,-47.47562233,-47.71968266
1,1.590977384,1.591662878,0.587387073,0.39054649,-0.013107041,-3.494137981,-3.062180849,4.518034361,-44.82078751,-56.65869679,-52.64389714,-55.620233,-53.19442244,-56.01008814,-55.68717362,-58.60353701,-54.20980379,-57.37814401,-54.04856805,-54.31119338,-54.12551497,-53.96553143,-52.470741,-50.42103132,-48.98570058,-51.87605141,-51.08131035,-53.95219126,-52.18761679,-54.72030771,-52.30608387,-55.70465236,-53.71725872,-55.63962632,-52.57382689,-54.76577134,-53.59966147,-53.71289098
1,0.72697442,10.59875575,0.445015958,1.338282604,-0.547974124,-0.449221641,-3.18898122,-6.743863498,-46.75370324,-49.49889221,-51.82592282,-53.85691416,-52.21909878,-54.91823747,-55.09746608,-63.88657152,-55.12339985,-56.50665514,-62.39317664,-55.95876058,-57.21863785,-54.07634762,-57.53907127,-56.22938546,-52.32986092,-54.72157192,-51.53487165,-48.22186597,-48.58340757,-47.39594671,-47.04660992,-45.90452536,-46.13836899,-46.2558163,-45.59155811,-45.48366997,-45.40403318,-45.38711776
1,0.321857771,3.156759492,0.537904826,0.590972953,-0.283708389,4.406540916,-3.163463699,3.116679919,-45.25077876,-51.32959245,-54.36687399,-52.34002591,-55.61808947,-54.05447406,-55.49264052,-54.4688879,-54.45186348,-54.53516183,-57.34567096,-55.16533255,-60.01215884,-58.47363184,-60.93040391,-51.04194122,-48.39093819,-49.70433954,-49.61455168,-54.94483828,-51.98558628,-50.81944449,-50.76116191,-52.01475721,-50.27122827,-52.78724987,-50.71702602,-49.82594899,-50.13311159,-49.83781384
-1,0.144146846,0.509024551,0.497331175,0.356044072,-0.318378036,-0.754175169,-2.793330029,-5.405210657,-46.69797444,-48.37327167,-49.88792186,-52.05276333,-53.8936579,-53.01821705,-57.31115727,-56.47543836,-55.48881165,-59.6204637,-58.40080789,-54.36347435,-55.5255554,-54.52848228,-55.52880815,-53.17357256,-53.95642269,-52.7746498,-51.66475614,-53.81873819,-58.48896739,-56.69641652,-56.42295374,-54.55992085,-54.96903847,-53.64253509,-54.25684412,-54.14140157,-48.84533882,-50.44368702
-1,0.220668468,0.380887604,0.240748122,0.223530036,-0.32942806,-1.24275008,-3.330675351,-4.740994368,-48.95860126,-55.80358631,-54.67643672,-55.47761558,-56.89976834,-58.54206466,-61.39443847,-60.05371429,-57.40185251,-63.35407615,-57.12614726,-58.51252625,-57.76854445,-56.73336154,-61.72111347,-56.16678184,-51.51103293,-55.12545604,-52.69454137,-57.76798206,-52.6477427,-54.73216753,-54.68918554,-56.11214506,-55.95401044,-60.8872158,-55.4503117,-54.81236189,-61.83367853,-56.82008381
-1,0.035739108,0.805262476,0.303074532,0.341213475,0.054328985,0.659435841,-2.904559879,-3.018573193,-47.59919884,-65.88249678,-58.96897063,-55.14561705,-57.22649884,-55.62865063,-57.8389456,-60.24117286,-60.20453115,-56.94209159,-61.4287989,-58.52047229,-56.30066021,-61.62953564,-61.00707577,-53.57220342,-52.68555918,-51.96807067,-53.61787557,-54.08864712,-51.05293692,-51.78252825,-56.69172693,-50.56559038,-52.69568571,-51.98164196,-53.37242409,-57.26848827,-57.05384395,-52.92475753
-1,0.210514564,0.782766103,0.254747799,0.338336228,0.110970006,-0.801963609,-2.934217244,-0.716043357,-48.51993069,-56.53263528,-56.72634651,-54.85154024,-54.75235466,-65.79904744,-57.21420064,-60.80735969,-56.74340564,-60.29272522,-60.25647166,-64.23908752,-59.44136513,-64.51713213,-61.54470258,-54.17177098,-53.26272469,-51.0317533,-52.86925557,-50.58619861,-51.58296538,-50.18199331,-54.64713141,-58.78321898,-58.12364446,-53.35016555,-60.20231557,-54.24611503,-53.52171377,-54.63029866
-1,0.617207445,1.016099904,0.298685256,0.390065569,-0.257136041,-0.245736439,-2.629775787,-2.574255892,-48.67623172,-51.45524128,-54.13853218,-52.78361494,-54.20683826,-54.62924078,-58.90279064,-57.54685943,-60.90842296,-56.15100382,-57.15938828,-55.35190503,-57.41480025,-59.46019168,-63.09507342,-54.03273136,-51.98358543,-50.21140068,-50.40186758,-52.14842133,-49.85770525,-53.17715901,-55.75513013,-51.83611389,-52.95314279,-51.07695159,-54.08473479,-54.31507457,-60.3626896,-57.61054192
-1,0.555776381,1.917369216,0.29749611,0.45168842,0.670647778,-0.971615421,-1.846822937,-5.92295358,-48.29108906,-52.05630721,-53.13150405,-61.12792282,-56.11773124,-57.58096266,-55.14675691,-57.7329737,-56.86734125,-59.04629072,-56.79709798,-55.66864611,-56.27243579,-59.94611823,-60.68678364,-54.15058735,-50.36119084,-49.72100791,-52.05145074,-50.57534446,-56.48742445,-54.4620566,-58.04992471,-53.92575161,-53.61427267,-60.56031166,-51.74426387,-53.83175987,-49.49585612,-53.16892102
-1,0.597990106,0.926498928,0.223947477,0.395585916,0.046657764,-1.748097843,-2.09901385,-0.930427316,-50.42281126,-52.30880443,-55.19274942,-55.04497503,-60.91981458,-59.87352484,-55.61769035,-54.40029707,-56.09549401,-56.98560666,-55.45053675,-56.60916093,-56.65047231,-61.04977079,-62.60267109,-52.42793716,-52.57088257,-51.80676801,-49.9186412,-55.87026114,-52.72795336,-49.96808958,-49.80061853,-53.31920757,-52.56584597,-51.99877414,-53.62996173,-55.30593733,-58.20715637,-57.11733089
-1,0.145620776,2.734415854,0.357852101,0.644000209,-0.057086246,0.934482701,-2.837881237,-2.32849418,-47.53284064,-50.93051025,-54.5814005,-54.69539184,-55.19538947,-56.59991275,-55.98208337,-56.70512813,-55.45457723,-55.58770664,-55.57308752,-58.37036075,-57.84096533,-54.69532863,-54.64090901,-52.8508619,-49.37927825,-48.98096116,-52.96296622,-56.58713182,-51.81175738,-49.00365081,-49.46463684,-52.74410209,-48.55183231,-48.20266498,-48.62509338,-51.29743962,-51.13022544,-51.81525048
-1,0.706149791,0.51795317,0.380025215,0.452957757,0.316112465,-0.285648793,-1.945484619,-3.154027062,-47.95938959,-48.98344489,-55.46563214,-55.26502971,-53.78501593,-53.51888159,-56.04134868,-56.91472503,-53.71719601,-57.22819354,-54.74202226,-62.338338,-57.3729379,-57.32021789,-53.83780263,-51.73570666,-48.35843584,-49.98806821,-50.98300879,-52.17158468,-56.02266173,-67.85896124,-54.96166652,-52.04458857,-52.93561766,-51.04705581,-52.30014361,-54.72401798,-49.96284915,-62.92741058
-1,0.21796263,0.667863689,0.33993721,0.195169246,-0.258336274,0.156445952,-2.772346356,-4.340740242,-47.01985218,-56.31796967,-55.76455135,-58.92761403,-67.04263561,-57.56701536,-57.6892759,-61.21539844,-56.99995683,-59.49860372,-59.77294654,-69.36081086,-60.67970042,-58.36695967,-56.37576658,-54.18443969,-53.82317303,-60.14057136,-54.33106457,-56.67484112,-55.45086484,-55.68117689,-54.27836578,-57.26055608,-56.15685469,-59.40421729,-55.1124442,-54.51996022,-54.57280199,-55.27654832
-1,1.775275479,1.120143809,0.434500181,0.442416719,0.279464684,0.994944699,-0.598395812,-6.658665911,-47.30190151,-56.7554211,-55.22858218,-52.4953152,-56.9676521,-53.7639273,-53.04464207,-52.9617276,-54.11551388,-52.29214833,-52.56974151,-52.26432854,-53.0063966,-52.12337269,-51.69410937,-51.53850562,-50.44187464,-49.73448653,-49.16819327,-50.12655094,-49.34292024,-52.58606884,-61.03243218,-57.11875426,-53.33292501,-57.80929902,-54.62712715,-53.37962806,-58.41413052,-54.1572939
-1,0.723707492,0.872689413,0.494553555,0.305886634,0.116438363,-0.077748876,-2.932840347,-2.678645877,-45.58972451,-50.07563876,-57.48369462,-59.43252153,-64.21854947,-55.75064961,-61.97920128,-59.05962923,-62.3742628,-60.76326038,-54.94952749,-59.68935275,-55.64175014,-56.59984987,-56.43313814,-56.49126834,-52.5027864,-49.3428998,-50.88213774,-55.62579417,-52.92275811,-54.70641422,-58.80159257,-63.51239359,-58.41488833,-58.52854951,-56.55450538,-54.13122604,-55.41122691,-53.81179217
-1,0.602298306,0.955907554,0.404349964,0.243779556,0.390345784,0.341122402,-2.592544832,-1.557755774,-47.06306984,-49.27236028,-53.55920412,-55.34711795,-53.68103611,-65.932211,-58.82101362,-58.49370356,-58.20694842,-57.48171817,-59.28874557,-56.1173929,-55.68259431,-55.97961837,-56.88775658,-54.76710676,-55.95936791,-53.78413663,-53.40990435,-54.42966126,-51.89411731,-55.52983169,-54.55323463,-55.35641314,-57.20095338,-54.36737582,-54.84966591,-54.33625851,-52.54326127,-57.2327187
-1,0.327867629,0.512670741,0.429038835,0.260339896,0.081310658,-0.28868908,-2.328850608,-1.932847715,-46.71801033,-49.5871092,-51.51631345,-56.69860258,-54.58827985,-56.47224801,-57.63417495,-55.298216,-58.06055252,-58.18883078,-57.64225801,-59.06084633,-56.9535185,-57.42065595,-55.63613345,-56.66345703,-51.22448767,-53.31543848,-53.48520925,-55.32999671,-52.84688861,-58.0318547,-56.6676557,-53.68935313,-52.86186314,-54.8796455,-53.04238722,-53.95768857,-55.68451617,-57.85300874
-1,0.664930967,0.437714872,0.490799405,0.311038646,-0.087312785,-0.156366967,-2.835720309,-3.1453864,-45.42586506,-54.85139892,-55.08891396,-55.82386797,-57.39104382,-58.08021042,-56.02543722,-58.76720363,-56.92031157,-55.48702712,-57.78179326,-61.35414209,-55.38141335,-56.5104248,-56.31005365,-49.12310484,-58.77631357,-59.13547066,-56.41816469,-52.81933661,-55.44867565,-54.50260443,-52.512418,-52.56300028,-57.15822317,-52.72736852,-56.02541405,-53.52278447,-55.90417944,-55.18609284
-1,0.172644061,0.384629025,0.356643846,0.356065269,-0.11828962,0.267330121,-3.42095704,-2.990769634,-47.44687596,-50.97455417,-53.19971325,-53.13396669,-60.71735536,-60.34667221,-56.54964719,-54.992499,-60.03580381,-54.91012956,-61.88172558,-58.44876764,-57.13775754,-58.98695558,-58.40121781,-49.76361018,-62.33517059,-49.83243115,-52.52262925,-50.7509264,-62.03424756,-52.14455149,-57.11740854,-54.14401507,-54.93666833,-54.90318676,-52.90557392,-54.5929594,-63.87713757,-55.79244044
-1,0.052210141,4.132727658,0.341574629,0.726175393,0.649830737,1.390794798,-1.245906971,0.117130544,-48.07036542,-51.26886881,-52.52875414,-53.68837304,-53.62830555,-55.21867274,-55.32418566,-60.53533867,-60.24026274,-54.98662986,-56.14296838,-54.43567872,-54.77791715,-57.30162959,-57.91540643,-49.25573264,-51.92903987,-49.96017716,-50.55987717,-51.44383162,-51.33163275,-54.33354208,-53.50620667,-52.14459345,-54.42832084,-50.15769772,-50.60555111,-48.86881911,-47.14962419,-47.18583926
-1,0.195648039,1.006459434,0.38862957,0.457509285,-0.121257863,-0.349014527,-3.244673089,-2.119295236,-47.06458114,-51.49572277,-51.29905547,-53.36060722,-54.70915174,-55.42024472,-55.74766829,-56.9537233,-57.62497154,-57.44585107,-64.83699388,-56.75417069,-58.24151462,-56.43801179,-62.57109957,-52.98877626,-49.95764057,-47.00616368,-50.15925809,-51.75626335,-53.18232318,-53.31251486,-53.48787977,-63.4752408,-60.10436592,-55.80883947,-54.50629858,-55.738196,-55.49359839,-54.86754962
-1,0.452141282,1.695666509,0.490738883,0.363242317,0.067044701,0.40850803,-2.4741035,-5.3378548,-45.69124763,-49.89005264,-53.69247089,-60.34314012,-61.36625469,-59.95649384,-56.72431219,-59.5990344,-58.55979395,-54.05765003,-55.24107422,-59.10836628,-60.33697532,-56.61089016,-57.81397793,-50.01380899,-52.71288686,-50.85024505,-59.09743981,-53.43694826,-51.80962451,-55.05962567,-53.00962354,-52.69067157,-51.02519892,-55.12173797,-53.51598004,-52.0149996,-59.56554881,-54.28753133
-1,0.231084194,1.079832061,0.393514274,0.29383486,-0.170795947,0.589869221,-2.944387231,-2.529223099,-46.62598367,-52.09658594,-55.09889206,-54.35528113,-56.6489076,-56.34792603,-58.04763214,-56.14592686,-56.33762102,-58.72816478,-57.51830546,-55.70208731,-66.71788232,-60.13829572,-56.28821729,-51.88140283,-52.5603578,-51.47394648,-53.79433603,-53.17317982,-62.13852845,-54.59297051,-56.42135422,-55.11461019,-54.20893415,-54.04777625,-56.63327898,-54.23254693,-53.32420843,-51.36468903
-1,0.131736584,0.363617087,0.48951429,0.247211297,0.127077925,-0.550116075,-3.038480206,-1.600156945,-45.4435925,-54.90651241,-53.62581854,-59.1436048,-53.88547151,-56.66601464,-55.94068208,-56.71406711,-57.34576552,-56.85054923,-59.856989,-65.91011189,-60.27465726,-59.62622342,-59.16537107,-53.76581109,-53.15394573,-53.21433193,-51.11352927,-53.97728923,-60.13010065,-53.55362186,-57.14888446,-56.9178235,-53.43128221,-54.46063639,-59.8429852,-53.80253523,-57.26952696,-57.37086616
-1,0.228630784,0.819418416,0.430782685,0.407015331,-0.012366931,1.294746646,-2.018424806,1.736330319,-46.03367792,-57.45582404,-52.39040652,-56.00407876,-62.2975162,-56.94137999,-56.28787874,-59.29807204,-64.14084542,-56.08813746,-60.52474329,-57.36028888,-65.14741444,-59.95974232,-56.79181406,-58.2274271,-49.35878521,-49.26061882,-54.70731325,-49.98017224,-52.79094986,-52.30033026,-52.8093825,-57.3154373,-50.85775379,-53.56736028,-56.21688013,-52.70306326,-56.13126409,-55.70753358
-1,0.759078987,2.882165784,0.273078395,0.567853121,0.41764556,2.64023122,1.785611627,10.65214878,-51.85981688,-49.31741398,-53.39777898,-55.60190188,-57.34228879,-53.74442032,-59.16574281,-58.8596741,-59.63423912,-54.75339707,-55.31661055,-55.50270782,-55.65525695,-58.60788326,-55.80577018,-50.5445926,-53.52713088,-48.10298793,-51.0457539,-47.95755354,-51.28746398,-50.51876013,-50.98236557,-51.96367473,-51.08326781,-51.60349745,-51.23538222,-51.79460728,-50.84012724,-52.81549953
-1,1.399425861,1.422977011,0.315309728,0.357668912,0.66503074,-0.698646267,-0.200799012,-1.465028402,-50.07923316,-52.2231853,-51.97837013,-54.99538531,-53.84821389,-53.23948579,-54.33243317,-55.5036939,-57.48090413,-56.71816341,-56.82343781,-52.66983551,-52.14870802,-53.04050391,-54.07354383,-60.3889074,-52.07625479,-59.04826242,-50.88049269,-51.10467772,-52.05892608,-55.73237511,-51.17427511,-55.54374704,-55.63405435,-56.02368199,-50.6004992,-51.58046406,-54.2507797,-51.74170629
-1,0.128484247,0.754574232,0.343088723,0.327642562,-0.202904736,-0.131701017,-2.953375674,-2.034679566,-47.86690825,-51.02988024,-52.07410088,-54.28295362,-53.59823473,-62.39774005,-64.25764364,-60.73300628,-55.67904343,-55.53103168,-54.62111804,-56.11241532,-59.41971193,-58.57826961,-62.80740558,-52.62489485,-57.28591772,-52.15924848,-50.14058104,-57.15793966,-52.98613072,-52.87090138,-70.58451994,-53.29762304,-58.11603682,-54.34594964,-50.52085338,-52.3834026,-54.75737855,-53.99711717
-1,0.267143992,1.231887917,0.275101274,0.559371629,0.121351556,0.668163672,-2.108511556,-2.269117995,-49.23374781,-51.13655848,-52.1799657,-57.27686193,-57.33479792,-60.34895377,-56.25974897,-65.49156531,-57.8537931,-55.97693286,-57.41007255,-58.2644248,-57.54938085,-56.57813599,-60.36887287,-53.39219796,-50.1598145,-50.06636405,-52.55920174,-52.94840012,-55.44885409,-53.07022439,-54.73914152,-57.11210294,-52.39092683,-53.93579024,-51.66250744,-46.58840691,-51.09509325,-53.53276892
-1,0.124406116,1.385414965,0.217684442,0.40947383,-0.669237233,0.50644379,-2.011640361,-2.728461017,-49.72398852,-52.34616951,-63.36606136,-59.34041975,-57.19917852,-60.29185448,-61.35603483,-57.73699803,-56.16673629,-55.84108727,-59.94674004,-63.83930809,-64.79710643,-60.15394013,-56.63603692,-48.87384484,-51.89515861,-56.05943677,-53.9818106,-52.91916645,-55.02090648,-51.48772205,-57.14860925,-50.38180468,-57.21511059,-55.61280112,-50.13020105,-54.12314796,-56.36190609,-51.42692094
-1,0.633833487,1.762755666,0.341601963,0.411348208,0.365651085,0.415722837,-1.163699335,-3.535705254,-47.64491149,-51.66293853,-52.9440748,-59.62647665,-56.31680855,-53.95065243,-54.36596329,-63.3588479,-56.49302173,-55.8999928,-55.89404151,-57.22682882,-57.50614408,-57.87174101,-59.43449129,-55.26637085,-49.84832524,-57.37854425,-50.31771562,-55.50803686,-56.14802112,-51.07463005,-56.04445222,-52.77095288,-52.53347145,-52.48766031,-49.91474723,-58.94310312,-50.97321507,-51.03851275
-1,0.260385705,3.180536567,0.44344755,0.513596082,0.35512141,2.437368749,-1.86628145,-4.495065942,-46.23498225,-52.33736378,-53.73289137,-53.31015377,-53.18195933,-54.68199327,-54.23209107,-57.08098114,-54.50748716,-56.53049496,-56.83152809,-55.07881542,-57.12783615,-57.0321266,-68.34768345,-53.75880227,-55.49900507,-53.73343024,-52.89304073,-50.32480011,-54.55382038,-50.98973355,-53.30360415,-48.26896849,-48.32547233,-51.15520569,-51.18982755,-50.58141133,-51.33923337,-51.79529531
-1,0.323989622,1.139540545,0.300593401,0.389719636,0.079698256,-0.333072235,-3.37399454,-2.438303646,-48.09581564,-51.56648459,-56.09197139,-58.95758933,-60.08862936,-55.45279278,-56.0735996,-56.2007796,-58.62098081,-58.47905605,-59.8273053,-61.59901066,-56.28330443,-55.65958542,-60.91003754,-51.59700688,-50.05694743,-52.80295226,-53.27671488,-50.71056439,-53.82277984,-53.80087819,-52.37840845,-52.15063219,-54.64027082,-53.76298631,-55.6525514,-51.83683903,-53.17460876,-50.21541351
-1,0.095860255,0.782325827,0.182258105,0.305191555,0.850702643,-0.624486717,-2.609364682,-5.45032983,-51.0553201,-55.30534262,-56.6306626,-54.44835459,-55.07717035,-56.95261954,-55.9357899,-58.80121569,-56.81914944,-57.64317564,-66.12409036,-58.96077256,-59.06686797,-59.64970392,-58.81188076,-53.96283388,-50.56867666,-50.12419691,-54.59883383,-53.41280199,-62.75199394,-57.76706212,-57.98555872,-51.50135265,-58.87811544,-52.32543846,-54.44785978,-54.95742986,-59.26185803,-56.54286481
-1,0.275016974,2.981621221,0.335465959,0.484094652,-0.175793061,-0.974495377,-2.171178973,0.563720302,-47.03419792,-56.47594335,-57.61112298,-57.79351553,-59.41710441,-60.89868884,-59.63531138,-58.64980292,-57.69889955,-60.09799204,-60.46592142,-58.23937616,-61.21789722,-59.65280686,-58.9286652,-51.95794214,-55.89617036,-51.15490556,-50.8556002,-54.09593178,-50.07982534,-55.89144091,-57.21747942,-51.03900045,-52.71557268,-50.67249556,-50.33076118,-49.68409672,-50.0636192,-52.13973368
-1,0.285108908,0.450768302,0.394194555,0.284876758,0.121620044,0.301806684,-3.4149017,-2.033670345,-46.62431721,-51.20420071,-54.73993086,-57.01041529,-61.66460504,-58.93379369,-59.39003521,-54.54434179,-56.63606724,-62.29646172,-59.2911282,-56.31196489,-67.46083761,-58.36374946,-57.57362473,-52.90348793,-50.878984,-50.71214682,-57.19307403,-57.20647744,-57.95209641,-55.74109791,-54.83787842,-56.67941688,-53.51174338,-55.0715865,-55.84502884,-53.65776541,-52.64971542,-56.55959378
-1,0.115686355,1.796040158,0.479591572,0.451618804,-0.223802037,1.02823839,-2.673097263,-5.669008443,-45.58511561,-55.66948276,-53.57686147,-56.3507005,-55.87569749,-60.05004809,-59.74748697,-57.44500336,-54.492014,-54.235696,-64.05019278,-59.40016615,-55.961024,-57.67873205,-55.20758046,-51.94791631,-54.45216497,-50.46668147,-49.99370027,-53.16910588,-53.90583496,-48.78319603,-50.9126391,-52.13089636,-53.62599632,-50.77389737,-52.00410643,-53.16394618,-55.20378226,-53.2750776
-1,0.011797503,2.43130734,0.448801496,0.510858386,0.027302771,-0.391433345,-2.367393288,-2.446972455,-45.90452429,-52.29552628,-57.25432951,-56.69974476,-55.74722284,-57.89102535,-58.12633513,-56.00985701,-56.5449396,-57.14357499,-57.34593439,-58.29634039,-57.25031322,-56.90006745,-55.76346206,-49.76282377,-52.75206251,-54.57864959,-54.24402062,-53.45961362,-50.40946372,-48.1957121,-50.52529008,-51.32531248,-49.03263557,-50.81554016,-55.12124565,-51.03211446,-52.13498992,-56.44341802
-1,0.097938921,1.153595522,0.435036574,0.288259539,-0.169251705,-0.361922702,-2.779061229,-1.514654335,-46.36714553,-51.28933215,-53.36010949,-52.60493237,-58.17894528,-58.25695758,-54.19810979,-55.48459097,-55.09689558,-60.7483985,-57.06437821,-55.8327547,-55.57306606,-56.08157712,-60.36077793,-57.69778527,-52.96835511,-51.87424275,-55.08949363,-54.4011055,-57.4627668,-55.55283629,-54.21600036,-55.16823905,-51.84952641,-52.38271497,-53.64341666,-51.30149029,-53.83871974,-54.13038743
-1,0.450170029,1.84853344,0.523278875,0.603373103,-0.089134512,1.194311318,-3.143228611,-3.971621817,-45.28075454,-52.33986719,-58.66220776,-53.02886822,-53.14627592,-58.30216076,-54.75684332,-57.96574166,-62.11825854,-56.89764155,-54.22170367,-55.28491873,-55.80926466,-56.58479129,-58.64588369,-47.84428895,-58.71314394,-49.44087912,-48.35057205,-50.21377565,-49.15872455,-51.81344514,-51.90040134,-48.96633514,-52.60711467,-52.13989196,-50.89852384,-53.14654125,-52.75418804,-50.7503947
-1,0.310018693,0.380924418,0.403061237,0.388466006,-0.384400401,-0.366197533,-4.191522656,-3.00413674,-47.04860665,-48.81090445,-57.30854033,-54.33187763,-56.32522196,-58.44704205,-56.67565719,-59.50164735,-60.16498374,-68.09689821,-59.99659008,-56.09287239,-59.55901056,-61.2464257,-57.96305628,-50.30806076,-50.61143558,-48.74627659,-52.08737162,-51.66320685,-53.23658247,-51.3652211,-58.76428389,-53.42586289,-55.83077467,-56.5927134,-56.38719844,-54.20851839,-57.21139232,-57.05113016
-1,0.221764444,1.023268912,0.405758993,0.406963443,-0.625401612,0.050055978,-2.203691249,0.830321801,-46.61054539,-50.15238493,-57.76239724,-54.48300774,-57.15893296,-58.57125917,-58.73721137,-60.48927189,-59.64055939,-56.79625263,-57.21055701,-58.53036723,-57.80114624,-62.01849849,-57.10658956,-50.61712069,-50.31407334,-51.10488582,-51.10865326,-51.81249734,-53.23603902,-57.23236662,-55.2305668,-49.86651899,-55.17940624,-52.95307479,-52.6079403,-53.03695397,-51.83032516,-54.14579137
-1,0.728310671,1.415102631,0.34579759,0.594838056,-0.803588308,-0.430470216,-2.507642031,-2.09964626,-49.03634622,-50.06655462,-60.0269809,-53.47782368,-58.22528771,-53.9039248,-57.73693457,-55.05486087,-53.76879978,-51.72776491,-54.56466676,-51.9351231,-55.07155409,-54.88319081,-57.54249794,-53.2158837,-49.04582921,-50.46986265,-49.61705811,-53.18391332,-49.58014113,-51.06309842,-55.18469988,-49.92476427,-47.63518542,-48.57646515,-59.63142426,-52.26276515,-51.46946013,-52.97528763
-1,0.407763157,0.7526136,0.225375361,0.346390099,-0.716982578,-0.571342304,-3.725374854,-2.512927087,-49.74603359,-53.68211468,-53.37593688,-56.49055961,-57.51648147,-59.06160885,-60.0690961,-55.46246339,-56.46520243,-58.59234222,-56.10623603,-58.61393924,-60.79306075,-59.07198477,-59.68857815,-53.1587468,-56.29617571,-52.2190028,-52.01415789,-50.23722703,-55.72668496,-51.46834464,-57.23304744,-52.91110811,-58.20813844,-53.94837864,-53.32260832,-53.5309804,-51.63936513,-51.66668477
-1,0.639044929,2.441773146,0.348410839,0.491640866,-0.391033888,-1.012521239,-3.841887283,-2.100650128,-47.03137967,-54.30193776,-56.09871443,-59.66795683,-62.24759555,-62.12228485,-60.03412728,-56.4983773,-67.34323466,-57.07810445,-55.91569547,-58.55103722,-56.78550069,-58.71975144,-55.0733297,-58.71187443,-52.06664803,-51.37048721,-57.97515596,-52.79730202,-51.9778775,-58.1973808,-53.01916422,-54.13610131,-57.14262164,-50.38129123,-53.34118047,-50.76508694,-47.9980838,-51.36415815
-1,0.398125051,2.479005142,0.312763873,0.582541397,0.316528336,-0.796130538,-2.53277883,-3.437677775,-48.16557855,-51.29292616,-53.47642186,-58.21634378,-55.14788699,-54.66835544,-59.14100824,-61.0367662,-56.09470635,-57.16927333,-54.39373677,-60.05824786,-57.63424084,-60.86423751,-57.77304645,-49.21274551,-52.98882215,-54.64783171,-52.27883567,-52.12188945,-50.85344375,-53.37704492,-52.15434127,-48.74787929,-48.87656804,-49.49689787,-49.83163589,-48.08310081,-54.12825092,-51.82893335
-1,0.59947888,1.685963835,0.582312659,1.028892782,0.302007539,2.10059606,-2.028874607,3.765986461,-44.80870209,-51.24298196,-54.42639161,-55.73928209,-61.4035034,-58.34320656,-52.95009491,-56.48350424,-63.04338138,-55.17932627,-53.80239336,-59.95312844,-60.99475354,-54.32847546,-53.98010057,-47.43311386,-46.71355933,-48.70676889,-45.74199108,-45.95255495,-48.15287506,-46.62331078,-48.10113213,-49.13118843,-49.75435817,-48.9702645,-48.59429701,-51.63804438,-58.95849635,-54.03381304
-1,0.420470773,2.468643382,0.478043536,0.41145259,0.101116433,-0.387102529,-2.800906018,0.728321484,-45.56624225,-55.0052733,-56.01072004,-53.05269471,-57.03233631,-55.17244024,-60.29225694,-56.66947239,-56.53886133,-61.09633704,-59.83880039,-58.24597176,-56.24921478,-57.72263523,-58.67289666,-50.4675647,-55.89093373,-54.8371347,-52.7862813,-57.68738732,-49.65079112,-59.93884216,-52.53927857,-52.20760393,-52.91839578,-51.10736689,-53.57559432,-51.78486325,-50.73545589,-50.93207054
-1,0.356816025,3.331761796,0.381404485,0.681191674,-0.645470355,0.110836271,-1.467272785,-2.564198029,-48.34860138,-49.88944423,-57.60933806,-54.54618483,-59.64033197,-53.68654896,-57.70296502,-54.25224441,-56.24757092,-51.32864937,-53.52628331,-53.99211201,-55.72728515,-52.68743378,-52.13838438,-52.78651426,-48.11081654,-49.59120734,-53.47074762,-58.92158949,-53.54816018,-50.43376577,-46.72629973,-50.21802834,-50.29973994,-50.49204686,-51.68495247,-49.78978325,-48.59670671,-48.96373601
-1,0.307883713,0.732252432,0.404690145,0.214697812,0.216752264,0.767151228,-2.83664171,-2.726361979,-46.42865291,-52.21552778,-57.3449942,-59.56659465,-59.11723211,-57.32996126,-56.23865445,-54.18364969,-59.40740468,-61.48415989,-59.39821013,-56.29879976,-60.92437892,-60.94814074,-55.90208185,-54.3715482,-55.45890133,-58.74150023,-54.21106416,-57.5434475,-52.91752085,-53.84695531,-54.57141325,-56.28857323,-56.88095016,-53.22353973,-64.55417964,-53.40017279,-54.44526418,-58.09769255
-1,0.534217682,0.941201788,0.439434178,0.422982189,-0.059232771,0.140747353,-3.337749777,-2.768237346,-46.10140432,-51.16088971,-56.624568,-62.33614496,-59.4835378,-56.20839143,-57.14521621,-57.76164206,-57.18267568,-55.15372164,-59.05957793,-55.05518026,-57.91798053,-55.71085815,-56.44843278,-53.73430646,-54.45253794,-62.57946191,-53.13565474,-51.87986508,-55.57843636,-54.16948159,-54.00135705,-56.70225171,-51.86520985,-49.10677273,-51.9239538,-62.28470007,-48.96939214,-49.65639868
-1,0.019020763,0.9806421,0.522231108,0.296395861,0.09200126,0.025454383,-2.902410719,-2.395097904,-45.29045342,-50.56431866,-55.00239155,-56.98937078,-59.1131862,-55.19344833,-55.16914628,-63.55949826,-58.6613598,-53.9445356,-58.86470979,-60.0902154,-56.25942292,-58.1927978,-60.20028873,-52.64407807,-52.07341687,-56.51201758,-54.37114981,-55.07659644,-53.74790217,-53.02672552,-52.2055551,-52.6205329,-55.67431779,-53.77088416,-53.26084312,-52.59317212,-54.84796738,-54.970016
-1,0.610134866,1.218029296,0.478565634,0.405243174,0.317976193,-0.636850722,-1.959500085,-1.856605852,-45.92836306,-51.28667552,-52.35705691,-52.65743528,-56.87524946,-54.25560367,-53.39548338,-64.37493335,-56.88278974,-55.9348092,-54.64007369,-56.60512808,-58.18730296,-58.35884891,-63.7409221,-53.49555001,-51.51733509,-51.51224858,-51.44858799,-52.21247981,-53.9083973,-51.44006377,-49.23613957,-51.13173706,-52.55506811,-53.1390026,-54.77681391,-61.98038697,-51.44221139,-53.96112734
-1,0.146703106,2.586496954,0.57678877,0.524521358,0.298225964,0.550252715,-2.64349996,-4.290604628,-44.90068979,-54.73835036,-51.15680651,-53.69432261,-52.55921962,-52.35145433,-54.03412305,-56.09992144,-57.88446796,-64.41074248,-66.72674478,-57.14286501,-58.02510929,-58.15792391,-57.92979043,-53.10969944,-61.68964361,-49.48948111,-56.23240927,-54.44744058,-54.93218655,-54.21721646,-62.03410291,-53.73822957,-48.13704086,-48.47909676,-49.77706369,-49.75068241,-49.67095465,-53.70370108
-1,0.50414101,0.57052111,0.284358751,0.347872374,-0.154216634,0.029693855,-2.590740137,-3.033892977,-48.29454912,-53.99447126,-58.49893079,-55.69698535,-58.36167876,-59.15523527,-54.18210896,-55.57902427,-55.53007278,-63.82274192,-56.96185983,-57.27411367,-57.77412934,-56.69403031,-60.00947156,-50.93800956,-50.87510022,-52.46893544,-51.64770019,-53.98294102,-56.27261303,-53.04257893,-55.62643273,-53.15297093,-55.49268179,-53.50013344,-51.86302102,-52.54301527,-54.09553394,-51.65849542
-1,1.083008818,2.192158399,0.480027901,0.642753697,-0.118364152,0.263324845,-0.9975301,-4.674280496,-45.85790725,-52.65408629,-52.85747637,-53.51714245,-55.43725918,-55.68045369,-54.88404943,-59.23195203,-57.52458639,-56.61689204,-55.5377681,-54.23327478,-53.37129308,-54.7858637,-53.72432458,-51.11029318,-57.50842302,-49.3112972,-53.35682941,-47.3063116,-51.71909239,-48.62551212,-49.67447714,-53.07145601,-49.73308714,-49.44802292,-50.94578627,-49.73065816,-49.09108806,-53.56182098
-1,0.401763601,1.688339089,0.478556926,0.361052932,-0.088682705,0.193884065,-2.999552584,-0.928999545,-45.61775463,-51.59239781,-56.31104106,-53.94322809,-58.95467727,-62.42023171,-61.28586055,-61.16220722,-59.10177144,-62.0650368,-55.3602313,-57.01900329,-56.73576475,-61.65768244,-55.99687063,-56.08501944,-51.69516893,-52.38398058,-54.70503283,-54.082831,-56.31130286,-50.49910068,-52.93565395,-51.65430302,-54.80236113,-52.58520706,-51.50631473,-56.37227948,-50.32354649,-56.74665882
