1,3.968193401,3.451358333,0.830001904,0.703460973,-1.122245614,0.758368085,-0.771575801,-5.97495321,-44.73070592,-48.39755557,-49.79736389,-54.63092407,-55.9221075,-49.45084602,-51.87120535,-50.6302706,-50.1182707,-49.81575326,-49.11464513,-49.61418585,-49.15830716,-50.08784848,-49.93081887,-45.27354228,-50.55360707,-50.56969146,-60.42873808,-55.54449489,-53.25501956,-52.48647115,-51.9063951,-51.17431331,-50.88085921,-50.04234726,-49.57774368,-50.00940261,-49.57831171,-50.36692688
1,0.517003203,1.758619065,0.454957117,0.515476048,0.17282254,-1.495452815,-3.738306444,4.6069813,-46.10204547,-53.1867201,-51.85666083,-54.12118825,-54.1912285,-53.66971935,-53.11091162,-54.20428056,-57.20881015,-56.18117671,-62.30882979,-60.19599166,-57.98911562,-58.57443095,-60.02058022,-48.4015111,-47.56028999,-53.38371174,-50.11045349,-51.66457405,-50.76902299,-50.58092339,-51.71576128,-51.76256211,-53.29701186,-53.82273697,-54.42955339,-54.84308089,-55.63670356,-64.51704199
1,3.780843422,2.083217007,0.741256638,0.555065718,-0.761758954,-0.22213281,2.614819442,-4.339623829,-45.31509162,-49.57446108,-54.66385191,-51.63127952,-54.01771914,-51.94331305,-52.99440393,-51.28236037,-51.91894556,-50.56215999,-50.10667548,-50.0767747,-49.13377709,-49.21047606,-48.55835641,-45.93688119,-49.90937993,-57.09970356,-55.40016754,-55.24248299,-53.38648532,-57.1766076,-53.18342254,-59.42372253,-53.35352636,-53.42042598,-51.6831003,-52.53705227,-50.05625741,-50.81535644
1,3.064027214,1.778462432,0.61152136,0.402720455,-1.761804612,0.651554431,7.202325319,-8.123108133,-46.82155978,-49.19561585,-55.75297563,-52.93785928,-53.80464765,-50.90103309,-53.17827683,-51.51560955,-51.01556975,-50.85366668,-50.19240654,-50.54815075,-50.10583278,-50.86414899,-49.53594854,-48.10793751,-50.5658847,-54.05553527,-54.62137469,-56.86985909,-54.56858463,-58.54271079,-57.02425093,-53.83016999,-53.45654021,-53.29784016,-52.43484415,-51.81088381,-51.48959456,-52.3092442
1,3.552751699,3.531232575,1.025716134,0.938578287,2.520467259,-2.219774373,-11.78206994,3.842391855,-43.90534374,-50.88453725,-47.72417865,-47.97554077,-48.07141945,-48.05358151,-48.55204825,-47.71317675,-48.61520274,-48.91159437,-49.60108724,-51.01754613,-51.15804204,-52.15868355,-52.30339563,-45.0217107,-46.41619688,-48.32339733,-49.26496178,-48.45625433,-48.57714594,-48.04889304,-48.2116477,-49.38739474,-49.40177209,-50.88371761,-50.44164357,-52.02903339,-52.3920355,-51.70405629
1,2.530683879,2.897111551,0.78624244,0.677522328,2.452569573,-2.117853249,-2.605747196,-5.791092629,-45.44598427,-48.86937769,-49.5167051,-49.17405868,-48.64140284,-49.04799756,-49.49149483,-49.1391583,-51.22580672,-50.64003276,-51.35805169,-50.15201542,-52.17129515,-51.06820718,-52.66417441,-46.22357442,-48.03529792,-51.51557074,-50.35872608,-50.3158841,-50.49543582,-52.33337581,-50.88084147,-50.94517431,-52.80643468,-50.47839759,-50.54421332,-50.28051307,-51.46205464,-50.48374956
1,3.935969874,4.750456011,0.972343415,1.022304007,2.134364515,-3.136415432,-14.25568998,11.33079917,-44.06710644,-53.20449902,-47.94524047,-49.01642416,-48.27206409,-49.07630144,-48.26734305,-48.58970289,-47.90479703,-48.95097675,-49.88666665,-50.50766136,-51.19162203,-51.62287168,-52.6326785,-45.55551749,-46.96957702,-48.15523293,-47.82931816,-48.59693171,-47.32537882,-47.54502985,-47.31101689,-47.74757308,-48.18439693,-49.28236957,-50.10557939,-49.81568904,-51.09882787,-50.49658946
1,4.014258231,0.892452072,0.669973713,0.564528518,1.7350473,-1.078653726,1.044340159,-4.000969617,-46.81662982,-49.54143739,-55.99509944,-53.93309941,-49.67341674,-51.76863816,-50.86087379,-50.58267632,-50.92745305,-50.62441454,-49.48077815,-50.13444918,-49.90035097,-49.75280882,-49.55573248,-46.171983,-51.44243993,-49.98930026,-52.70908383,-49.78995486,-50.58316753,-51.62145301,-52.19283876,-51.56682505,-54.74431237,-53.61918896,-54.12832563,-55.85379513,-55.28464065,-52.38078639
1,3.473130644,2.555878484,0.743014644,0.616231293,-1.236333825,0.508152264,4.509599199,-6.568909868,-45.01019854,-50.75468283,-51.10568663,-52.56492059,-55.38908458,-51.61897807,-54.17821934,-51.75832807,-50.99598428,-50.75755587,-49.93001368,-49.68232332,-49.65434864,-49.82658639,-49.24732668,-45.11593921,-51.25511486,-53.5658851,-57.53986961,-54.25590615,-59.81768568,-56.726551,-53.75887471,-54.45524367,-52.69670316,-52.20396587,-51.44722603,-51.85169514,-50.59149125,-51.43328305
1,1.465584497,2.360075016,0.78762666,0.610244695,0.688985136,-0.730238235,-2.89349043,-3.81749737,-43.87594751,-55.10966661,-48.9360299,-51.24701984,-50.90994802,-52.95606749,-50.38042165,-52.2858351,-50.42093668,-52.0233316,-52.09019355,-54.62620078,-54.23989754,-56.7385802,-61.56048052,-46.00841267,-48.37718248,-54.4412181,-52.3288973,-52.84078914,-49.87189836,-52.97354149,-50.77969597,-50.91500478,-50.72468021,-51.79860386,-52.57995288,-52.00838375,-54.67640555,-55.1207079
1,2.803656206,1.459593052,0.690526805,0.565496513,-0.029683364,0.750421472,-3.726243589,-2.147773245,-44.87077315,-48.58210586,-62.70688001,-52.52080966,-53.50916544,-54.20816885,-56.17023125,-54.45927936,-54.50517891,-51.65175633,-51.86353944,-50.96423334,-50.43151851,-51.00325459,-50.46228764,-45.64988441,-52.94471538,-51.35719606,-53.86806512,-53.5620903,-52.6994006,-58.39632008,-54.0368589,-52.44155965,-55.39332253,-51.23999339,-53.21524951,-51.10207951,-51.4569973,-52.94599528
1,3.19111725,1.705381521,0.652445888,0.534976827,-1.118727865,0.818101295,4.281290664,-9.375160948,-46.27664501,-48.30511948,-51.87443647,-53.07028919,-51.28385548,-54.07332054,-53.06250277,-52.01182939,-52.0182972,-50.59242628,-50.22494631,-51.01786021,-49.80578009,-50.08802981,-50.35107753,-45.92549006,-50.40857376,-52.63050444,-58.89978723,-58.11304761,-52.38020026,-54.1935316,-55.88806994,-53.49726823,-54.76995292,-52.16519482,-54.81104898,-51.02572879,-52.22818218,-52.218692
1,0.355314304,2.380027274,0.349965947,0.426602581,-0.506017666,-2.182659274,-1.926065556,-9.514112235,-47.64915937,-50.7176084,-52.53248306,-53.65201507,-54.33046531,-63.62415853,-59.61522441,-59.04807687,-58.64531733,-57.66227641,-56.93304495,-56.60991229,-58.23202948,-57.21924051,-57.94711485,-48.16464712,-52.67982329,-56.29600594,-51.54921309,-55.15402703,-53.6749978,-52.77955868,-52.69029571,-53.43132223,-51.80048194,-51.71859661,-51.00032461,-52.71624874,-52.12563016,-53.37795242
1,1.024425339,1.55982958,0.71422804,0.545869211,-0.52711227,0.816651801,0.562616507,-0.667068666,-45.31763173,-47.85935733,-50.20823202,-52.76817408,-50.30143025,-49.42332054,-50.60229988,-50.51759567,-52.34425593,-50.78599309,-52.45479081,-51.49462633,-52.4463853,-52.74346854,-54.02545311,-46.06670723,-49.71248622,-51.55980374,-55.87610935,-55.47948905,-54.22918034,-55.18351982,-52.15849909,-55.02301191,-51.4650275,-51.97533185,-50.68097916,-52.96271167,-51.8388615,-55.40107632
1,3.53177283,2.52640255,0.673106736,0.55129156,-0.479117288,1.102626099,0.208994101,-6.452226486,-46.35078937,-49.07576891,-52.42141165,-53.10322866,-54.51174085,-54.14754111,-52.12293754,-51.64694645,-50.86160555,-50.9810122,-50.39583626,-49.65849347,-49.88149939,-49.20969394,-48.92723876,-46.52639592,-51.57617395,-50.81427341,-52.37931124,-59.99778647,-56.51266142,-53.28030952,-52.75571454,-53.40174104,-51.34510372,-51.80074951,-51.20895306,-50.5968279,-51.02081452,-50.60692317
1,2.104827085,2.404783849,0.681506474,0.556704088,1.727140484,-2.222928059,-10.38142106,4.486812688,-45.01590842,-58.4574185,-49.30564726,-52.03083366,-49.05725237,-51.03074624,-50.86638913,-51.82183646,-51.91196086,-51.91204063,-53.19365095,-52.34756448,-53.2770234,-53.41189117,-52.0673224,-48.22601522,-48.84944291,-51.73460109,-49.85199414,-49.41511423,-50.53930656,-50.79277373,-50.8074925,-50.38980916,-52.63043077,-52.14681274,-53.76719895,-52.59827971,-52.82241216,-53.47716376
1,5.627540585,5.265107252,0.871450166,0.797746636,0.326696382,-1.789843269,-2.641913816,1.7455238,-45.86770535,-50.35401249,-51.85469333,-65.38735629,-50.29004773,-52.24106937,-49.37010809,-49.62661358,-49.03722626,-47.96256635,-49.03496069,-48.21018897,-48.27919703,-48.12188421,-47.63361895,-46.45349699,-52.26204735,-51.81224663,-50.84872964,-51.93558476,-50.98865605,-49.33073895,-50.0930568,-48.75711552,-48.83043393,-49.75749538,-49.32930275,-48.46053607,-48.03316572,-48.25064494
1,4.357944871,3.503490194,0.804220619,0.719630126,-2.270729363,1.917661407,8.567988379,-14.01076748,-45.6486165,-49.52833871,-50.72363557,-51.21836532,-50.92655398,-49.96964725,-50.0661567,-49.77708787,-49.85558128,-48.93621822,-49.27577052,-49.16013443,-49.04469208,-49.28078188,-49.1702529,-45.66853396,-50.37508851,-51.62267437,-50.83449889,-52.46847123,-52.18405061,-50.86518862,-51.75506378,-51.1945659,-50.7920379,-49.64826393,-49.37930653,-49.42287,-49.30713399,-49.49704446
1,3.916860618,3.431709331,0.708648972,0.565253755,-0.210638457,1.283223264,0.034358699,-7.187017923,-45.76425271,-51.87610963,-52.2285768,-53.2139244,-54.83342269,-49.95929015,-50.19096595,-50.0200872,-50.31886105,-49.37754071,-49.66594377,-49.2447872,-50.52842636,-49.90730386,-51.12499775,-47.50787975,-51.67926185,-51.6676396,-53.21683001,-54.5167102,-49.89705711,-49.78268107,-51.34300019,-50.67179555,-50.61656411,-50.97609275,-49.59164202,-52.2622175,-51.56816688,-51.47863052
1,0.46251629,1.623291493,0.6078231,0.46346035,0.587195327,0.551239258,-1.839732239,-2.11461033,-44.80424252,-50.90950779,-52.67902273,-52.1450501,-53.96078133,-54.2890555,-52.75184984,-54.40497818,-52.88386411,-55.46476966,-56.85955971,-56.50360406,-57.3352803,-55.8758807,-54.53850119,-46.59644641,-53.66671369,-51.04171608,-55.88535708,-55.67924401,-54.79580162,-51.67565876,-52.35982778,-52.24923202,-52.81093563,-53.092468,-53.85591051,-54.06888598,-54.62311304,-57.79966017
1,0.71096462,0.021674517,0.567260962,0.471335524,0.341286902,-0.005914544,-3.086603326,-2.851395894,-45.05131326,-52.94307736,-55.01310054,-53.11673281,-52.8379943,-53.59624571,-52.9429815,-52.48205148,-53.56998635,-55.91354176,-57.56266243,-57.51522589,-63.34874875,-54.3189707,-55.54803278,-46.65657555,-55.56594543,-52.22140843,-54.74390478,-53.98625671,-52.77075893,-51.32346877,-52.74266532,-51.05016807,-52.32621796,-55.88085244,-60.9057794,-55.33329726,-54.32684575,-51.86844518
1,2.898933068,3.214179289,0.62485785,0.727143665,1.549271833,-3.299770956,-12.55211287,12.63484326,-46.7624079,-49.47952244,-49.65504784,-50.53769107,-49.51437622,-49.78945025,-49.82805835,-52.31153953,-52.10863435,-53.19217252,-52.34539864,-52.21157383,-51.60301889,-51.72917296,-51.37992493,-47.1002406,-47.15476948,-47.83362117,-49.90227841,-49.56866667,-49.75795932,-49.64423385,-50.76716573,-51.29908248,-50.89047013,-51.99552112,-51.54240104,-50.94676297,-51.26886041,-51.09579365
1,2.566686545,2.84493666,0.762474529,0.679280285,1.298193249,-1.16246363,-3.923944872,-2.612994538,-44.21543473,-53.26368592,-50.63649169,-50.19917702,-50.02266771,-50.17476229,-50.46208222,-50.92041078,-53.49357375,-52.02647903,-52.1507315,-52.83787869,-53.15028563,-52.87845689,-52.76268094,-45.89784521,-52.28631928,-49.60633147,-49.50204475,-50.3528065,-50.27634435,-50.24618979,-50.64958288,-51.59103553,-51.96882158,-50.09337583,-50.63233978,-51.47523673,-51.23958448,-51.3288673
1,1.555046499,2.453156249,0.848002574,0.722223011,0.634476228,-1.915419484,-6.624780612,7.304581761,-43.6521999,-55.71453376,-48.93082087,-48.82361025,-50.06008298,-51.52816362,-51.15487246,-50.42980093,-51.1889644,-50.9281946,-52.88047566,-54.66445064,-54.13035509,-54.88155752,-61.90661134,-46.99703642,-47.4724176,-48.52245994,-48.29941098,-49.83959768,-49.6142637,-50.04904434,-50.33363224,-48.70699477,-50.18995263,-51.29179281,-55.033261,-52.1445408,-54.70560545,-55.59556389
1,1.292324237,2.072911457,0.691938014,0.666346795,1.06745334,-1.530429005,-8.873686867,6.563075626,-44.81955892,-52.73256449,-50.8972858,-50.57156526,-49.40753498,-49.51679199,-50.34159588,-50.73581742,-52.02152988,-52.02312037,-54.14634628,-54.76637119,-57.72502912,-58.70626048,-58.06237295,-46.1891011,-49.41840939,-50.99361946,-48.91164612,-50.19145767,-49.64456664,-49.41288262,-49.87020349,-49.47744663,-53.09601752,-51.46069319,-52.66823562,-53.89521316,-54.27715452,-56.79283485
1,1.704299924,2.684080746,0.881800551,0.816125135,0.896777001,-1.242303605,-7.36043413,4.52158017,-43.41194907,-51.92799834,-52.4702073,-48.90919381,-50.88833475,-48.76542678,-50.51188051,-50.13182428,-50.84943899,-52.37955412,-52.56085017,-54.1118881,-57.17532768,-56.0650094,-55.59067298,-45.89974269,-46.78341049,-47.62325058,-50.73028862,-48.60489854,-49.71939757,-48.9168757,-48.40293695,-51.32356693,-49.82158646,-50.86463124,-52.27461442,-52.81360834,-52.95822862,-55.7101575
1,3.334069417,1.936505881,0.656431608,0.462587044,-2.701079108,1.439140433,11.16864215,-11.12301375,-47.16536222,-52.60481376,-49.45711241,-49.51556176,-51.69243252,-49.26457383,-51.47826264,-49.98008217,-51.70133953,-50.93912563,-50.35559609,-50.7605624,-49.91793154,-50.06264283,-50.39466636,-46.91511399,-52.86080217,-51.53759505,-58.36869726,-52.04662557,-52.01259649,-54.5852528,-51.28573608,-54.68198356,-53.06510315,-52.95726339,-56.5462975,-53.01245283,-54.06015499,-51.87930255
1,1.466439754,1.231738203,0.53354613,0.453061323,0.580201185,-0.024817408,-3.827692883,-2.674878864,-45.54910798,-54.12474541,-51.08927849,-52.97425568,-51.34080798,-52.17548036,-53.80245098,-52.35299953,-54.35045812,-54.63837725,-57.76215948,-56.22502201,-57.38228759,-59.61462456,-59.60474987,-46.56774203,-51.93394559,-51.44468574,-52.82488336,-53.54043292,-53.58270938,-56.07603272,-55.77704484,-53.56127182,-54.15422513,-55.049864,-54.08458812,-52.81697634,-55.35186332,-55.6217154
1,0.36008485,1.197396536,0.494969761,0.364217147,0.449589637,-0.07494775,-1.593079927,-3.476116235,-46.20926453,-52.71530575,-50.40831583,-50.0967072,-51.22634124,-53.35068536,-56.63615558,-53.69363505,-61.24877942,-55.95712259,-56.86622087,-58.56853466,-55.81499442,-63.62004793,-54.80250423,-48.67200995,-53.97838656,-53.88753527,-50.9692275,-51.94293328,-50.8789313,-55.24827303,-52.15898541,-53.3579675,-58.7515318,-54.72347632,-57.534003,-54.66636164,-56.00609958,-58.20292672
1,1.308263626,0.240793617,0.69882419,0.508183616,0.570848819,0.630199967,-2.43637887,-2.652307726,-44.40493169,-49.15100183,-52.63193564,-50.8269986,-53.35340302,-55.1231284,-54.88729914,-60.06117644,-56.51015114,-53.5958758,-55.12418286,-53.03594366,-52.08615799,-52.60475612,-51.50985123,-46.50529251,-49.76521427,-48.65323305,-51.17826803,-53.88593435,-51.87189343,-55.11325317,-56.28546053,-59.86585723,-57.80031039,-63.17408261,-54.21252725,-57.28143942,-58.54786485,-55.47571933
1,2.570372847,4.430031268,0.789409385,0.818208706,1.3015669,-1.750230726,-6.79279335,2.106513987,-44.17147064,-52.85072241,-50.71663098,-51.04915453,-51.52697531,-49.74317637,-51.0981445,-49.48664241,-50.1050169,-50.67452211,-51.36133027,-53.08650756,-51.90209681,-53.10258715,-53.48929839,-45.43659426,-48.0781988,-53.00822819,-51.16923779,-49.33973864,-49.36852374,-48.18712032,-49.80128697,-48.80360242,-49.08420154,-50.38818047,-50.33954054,-50.27190472,-50.84739356,-50.64359076
1,3.061039746,2.982704367,0.640980107,0.515652972,-0.508427229,0.580668178,-2.054471357,-5.990262831,-45.66518038,-50.05176356,-54.18783751,-54.18025986,-57.9217518,-52.39737658,-54.32233165,-53.04741755,-51.34353283,-51.5802177,-50.58605013,-50.75780826,-50.40156426,-50.13117607,-49.45019076,-47.56133108,-55.91046112,-54.07474974,-56.62501912,-55.20606894,-59.71805196,-54.82557746,-57.70617066,-53.06635684,-52.15507283,-50.9498642,-49.7275482,-50.72993331,-49.53203477,-49.29425357
1,0.090807781,0.870891898,0.482997232,0.455358496,-0.478167922,-0.090748011,-3.196528418,-1.074769056,-46.12929733,-51.56802645,-50.02038192,-56.09906368,-53.15782879,-52.14983507,-53.28360107,-55.49673813,-57.31940593,-55.55705588,-59.52634413,-56.6299897,-61.30574745,-55.09887047,-60.31046306,-47.30707123,-50.09050682,-52.44196586,-52.20031237,-51.14133169,-50.71179624,-51.44214948,-52.2429417,-52.8291879,-54.5377751,-57.98816309,-69.10423448,-61.62461003,-63.20391314,-60.15685632
1,3.285913582,3.335594726,0.771608349,0.646695893,-0.103659775,1.133567036,-2.016174837,-4.901883799,-44.70128891,-50.53479979,-51.49105611,-53.44381691,-55.33717049,-53.66867582,-53.91589641,-52.42391121,-51.20550156,-50.53386667,-50.27854783,-50.35515429,-49.63759462,-49.15950465,-49.00463521,-45.47559259,-59.0490727,-52.03110467,-54.17733402,-52.61399087,-51.59822876,-52.50656924,-50.81597209,-51.68694878,-50.44684925,-52.03068016,-51.40646887,-50.80912913,-50.87433271,-49.59271131
1,0.879354458,2.160415525,0.498332567,0.427557323,0.014842732,0.878751459,-3.278619447,1.1740168,-45.8773434,-60.5785543,-50.4128736,-55.11084804,-53.98024372,-55.61347123,-56.51516389,-54.91912889,-66.45924842,-53.31475114,-54.49307258,-53.36375746,-53.22822409,-53.06933224,-54.1222543,-47.7979503,-54.2342687,-52.92174868,-56.61893417,-53.266903,-54.10238449,-54.08657059,-54.51339035,-53.23019775,-52.87897564,-54.58525893,-53.35744818,-50.67612344,-51.73878495,-50.8853624
1,2.144612094,0.170219932,0.556036554,0.516153637,-0.236202326,0.556578025,-1.460695304,-1.830944517,-45.7724415,-53.07038366,-52.5061042,-55.56058443,-57.8693145,-56.89412873,-52.68731787,-53.9484012,-52.26239643,-51.7398415,-51.43832388,-51.19665729,-52.81290471,-52.156858,-51.19324919,-46.39804406,-49.9426126,-51.45048804,-57.67526192,-58.59447801,-52.58324647,-52.09293956,-52.0774333,-50.77002348,-51.65208925,-52.00974397,-53.11007869,-54.97401145,-59.05835122,-56.17047082
1,2.689770236,3.504463568,0.665975186,0.656463128,0.042588589,-0.063360596,-4.15428346,-0.804716777,-45.19573927,-55.27385477,-50.42721795,-51.91003442,-54.68570259,-51.80990779,-53.58019866,-50.90276128,-52.04191951,-51.05729971,-51.27599792,-50.21941571,-52.269562,-50.28473512,-51.65634856,-45.5898181,-50.3021308,-55.03785269,-54.60697727,-53.67864243,-54.27347998,-51.92389432,-51.39797759,-51.4397165,-50.8049993,-50.29380467,-51.1102389,-51.24134087,-49.89516832,-49.33171191
1,3.492171536,2.66987674,0.726148618,0.640922453,-0.317092571,-1.197525571,-0.617203711,0.09647889,-44.94671854,-52.51864361,-52.11280742,-64.16786851,-54.33588039,-52.53718654,-51.64723537,-52.66656854,-51.28611547,-50.65046443,-50.30585171,-50.27217916,-49.33151824,-49.48728517,-49.47464509,-45.42903924,-50.84479354,-51.62378444,-52.7056409,-52.45110469,-53.09783302,-53.52217463,-51.30626527,-50.97364719,-52.20880085,-52.3087773,-52.05883208,-50.33471457,-50.1741162,-51.4218646
1,1.966590057,3.427456667,0.640497763,0.639883326,0.914402393,-1.763450723,-8.546782024,6.219671894,-45.30491878,-47.63960187,-53.53006192,-55.07260528,-55.27538807,-52.32679839,-52.62940645,-53.22890493,-52.97091763,-51.61672405,-51.70964216,-52.56764613,-53.40987362,-52.82902787,-53.20299666,-46.58162903,-49.14430471,-51.84832804,-52.39894421,-51.80042988,-53.22726206,-51.2466543,-52.87949382,-50.61900637,-50.15107704,-49.4376954,-49.93690218,-49.70897169,-51.13427618,-51.5073625
1,3.16160308,2.169692745,0.747079304,0.521653325,-0.725321979,1.377950015,1.647868211,-10.04282153,-45.24532439,-51.17338178,-50.44315896,-52.10950239,-53.41961873,-51.87045749,-50.43999331,-49.83907706,-49.31104907,-49.16441836,-50.14923952,-49.29385044,-50.40837025,-50.64069461,-51.3270258,-46.50047651,-54.45086359,-52.84356481,-59.26229232,-55.8011492,-53.12946896,-52.64149273,-51.30378199,-50.96471133,-50.44751423,-50.84053081,-51.76129287,-51.74524175,-52.6258762,-54.27140971
1,0.878862063,2.027590101,0.681276342,0.556570095,0.257017893,-0.486103119,-2.56375246,-4.91926332,-44.27287355,-60.27779345,-53.60756358,-51.93411254,-52.60817107,-51.37414513,-51.74538232,-51.29116186,-52.46527952,-52.47028527,-56.54445057,-54.58497366,-57.4173214,-58.90138494,-66.27349905,-45.95189889,-49.65429693,-56.20851868,-56.14522866,-56.08934084,-51.54867993,-50.9884905,-52.35589612,-50.87719591,-52.46812227,-52.91769978,-53.66574658,-51.86478501,-54.25966838,-53.68215604
1,2.650657762,1.028732222,0.633526831,0.450877465,-0.104250863,0.209289763,-0.469289305,-3.256880003,-45.25656481,-52.76492046,-61.42642683,-54.47079649,-54.36814,-56.61996892,-54.62408298,-54.13707281,-52.11929396,-52.42938393,-51.40685811,-50.8192406,-50.28278128,-49.83670873,-50.57764921,-46.48275124,-50.0711165,-54.49730546,-53.91630115,-56.57403461,-57.38948818,-57.70644253,-54.35876468,-57.98314682,-59.85063833,-56.94241542,-55.18151773,-53.90249756,-52.99961507,-52.56184455
1,1.784211341,2.291390255,0.484814573,0.46387972,-0.271471835,0.348661146,-4.939026797,-1.089587153,-46.33009271,-52.8316622,-55.25092441,-53.52185871,-58.49237944,-53.75824395,-53.77199473,-53.57067358,-52.04750377,-52.25428817,-53.31490984,-53.1878501,-52.47152299,-52.74204657,-52.69251844,-47.0020564,-51.98549504,-53.6054355,-55.14107152,-60.31706823,-52.91890781,-52.30934793,-51.66732441,-52.29509593,-52.63178346,-54.89498743,-54.58208334,-51.71225207,-52.23249548,-51.71145666
1,0.75355434,1.211437509,0.420320404,0.365624995,-0.38938956,-0.35987069,-4.083628424,-3.991699809,-46.83166473,-50.68142379,-55.8656907,-50.39427088,-52.87684133,-54.34099552,-55.49877398,-57.438891,-59.60955441,-64.31811544,-56.216057,-59.67317697,-58.995787,-58.99889718,-58.83062663,-48.88088469,-51.65000371,-54.22323008,-49.99532476,-51.42121449,-52.62200717,-53.28093773,-58.03644606,-56.31748924,-53.30518446,-54.5836242,-57.53770688,-59.26057972,-55.11756459,-55.26657111
1,0.523808074,0.831974527,0.509152632,0.377016261,0.398689571,-0.077342429,-2.319964468,-3.119240009,-45.42278953,-53.6042045,-56.60069774,-55.83196255,-51.43181393,-54.70199842,-55.70695713,-54.97077969,-57.73912251,-61.36577543,-56.47173863,-59.26329396,-54.95645828,-56.66085297,-56.34668209,-49.16580696,-47.88063385,-59.72861185,-53.36079954,-55.9475007,-54.15186098,-55.75778021,-56.33862487,-56.10217882,-55.86019796,-56.64675776,-58.84485909,-54.62859702,-54.30919309,-56.1660525
1,2.926258313,2.191661621,0.525395973,0.385957894,-0.716415521,0.351904251,2.281217589,-6.913494132,-47.192527,-53.1542743,-52.77308857,-54.43446461,-54.96305472,-53.61573321,-54.27474926,-54.01514996,-51.05838005,-52.23660631,-51.27701662,-50.35877097,-50.13916229,-50.76557617,-50.37152205,-48.11319883,-52.86121184,-54.38552616,-57.57038002,-60.5001976,-59.95260927,-59.34620418,-54.56557579,-52.25123235,-54.57519191,-52.46436166,-51.88661034,-51.87373507,-52.78748567,-51.66589236
1,0.201087329,1.08501954,0.486330093,0.506607543,-0.025112408,-1.012696297,-3.301396067,3.69888988,-45.65308226,-51.37367445,-54.02234285,-61.85793213,-53.35523338,-55.77105281,-55.84573074,-58.76248632,-56.30926613,-63.30021438,-56.14899522,-57.09402487,-55.3705364,-57.41211103,-55.82791132,-47.00636906,-48.93567552,-49.84814015,-52.82461189,-51.96297378,-51.41213632,-56.29321502,-51.29271992,-53.28245197,-54.71811378,-53.24561462,-53.66941553,-54.35464826,-55.75586775,-54.83772619
1,0.627185434,0.901228377,0.56450822,0.466708995,0.455006856,0.456027938,-3.37034238,-2.088969491,-45.0450745,-53.42592275,-51.63898567,-56.66154382,-57.8301631,-57.97973761,-53.26206772,-55.99804611,-57.89492372,-55.33770953,-56.97307621,-53.46124514,-53.01689515,-54.34534192,-54.45040027,-47.0840147,-51.72105296,-49.25835412,-52.58708691,-52.53526712,-51.82319266,-51.60998102,-56.44322628,-52.13083225,-55.90519904,-54.03998693,-55.9068837,-54.5529483,-56.05208643,-62.6245853
1,0.50849948,1.024250895,0.561841548,0.437167533,0.110771825,0.322985753,-3.155366857,-2.86693097,-44.95843404,-53.24951144,-52.12013729,-60.29443019,-52.06899705,-62.0330842,-53.91988821,-55.60243401,-53.69908617,-57.6926677,-57.32775911,-57.23325835,-59.92673491,-61.08746275,-57.65984739,-46.13399177,-55.58282861,-54.7391969,-57.83691584,-57.82871009,-60.16606664,-56.2481066,-54.68561718,-58.78924585,-55.85197023,-58.31709408,-54.73586077,-54.15884915,-53.35364873,-55.59807052
1,1.665564553,1.375907864,0.421638781,0.360994797,-0.258977715,0.615606436,-3.834872115,-2.095087328,-47.38751037,-52.15122533,-60.87188396,-56.42527165,-61.38412323,-54.48382242,-54.13098162,-53.24700884,-52.74707495,-51.78339094,-52.49073413,-52.01154898,-52.85583689,-53.92991006,-52.41226851,-47.71174983,-54.31012654,-54.27777244,-55.22324043,-56.9741115,-58.02368362,-64.53336707,-52.10233345,-54.47244265,-52.39506594,-55.35067362,-56.872004,-54.58650343,-54.2149694,-53.50345894
1,2.159287028,1.196969571,0.498990815,0.365991541,-0.633136352,0.595403531,-0.38077151,-5.543494319,-46.87765976,-50.33528222,-52.06471535,-52.57772932,-53.23114734,-54.55495738,-54.05352892,-55.47418525,-52.21845066,-55.51174761,-52.84377881,-52.40495423,-51.53988306,-51.6223817,-51.22232314,-47.46644475,-54.44562905,-56.46636744,-56.54687364,-55.68226731,-60.63383882,-65.06866182,-63.35670711,-58.20222106,-60.07641687,-62.14874964,-53.96240293,-53.0214051,-52.29423771,-51.9772333
1,5.545934239,4.852509818,0.807559251,0.736454532,-0.242815523,-1.8333912,-2.069529717,3.469003081,-46.73716791,-53.56133441,-55.98233993,-61.11069839,-53.8474851,-52.7221524,-49.45325997,-49.03705102,-48.75157453,-48.58034082,-48.51290736,-48.33433665,-47.99933773,-48.1901885,-48.35902735,-46.95025535,-50.54221811,-52.2298094,-51.29998148,-53.88731723,-50.8732769,-50.21259365,-50.32212515,-49.13989806,-49.00490824,-50.02573531,-49.31051452,-48.56853713,-48.82398643,-48.66701238
1,1.30059186,1.107279553,0.563023803,0.457348768,-0.118409484,-0.470287842,-2.927701907,-1.466364297,-45.08164277,-53.11733459,-53.83488235,-52.53807653,-52.50479059,-55.50100294,-55.98730341,-60.08140839,-60.7129434,-56.45348322,-55.45171292,-53.90700684,-54.49741572,-53.96497132,-52.65252207,-46.24824365,-52.22273133,-58.06013104,-52.73826292,-54.57302666,-55.02309269,-52.40386317,-53.08978473,-52.89554062,-53.96693648,-54.43376109,-57.61273515,-56.94166234,-56.50375424,-57.71353536
1,3.959420424,1.866056848,0.806965799,0.481572788,-0.993470219,-0.1497276,4.238132706,-4.78743273,-45.12407531,-50.13967705,-50.11730741,-53.17924511,-53.28460475,-51.43697611,-52.80311507,-51.39314181,-50.61998171,-50.37833713,-49.7753212,-48.69995041,-48.96147352,-48.65788184,-48.53506952,-46.59189744,-53.03700224,-52.13737125,-53.12035527,-56.6358355,-56.00147409,-63.61873504,-53.50970449,-56.10684454,-54.71161086,-52.85523037,-50.95338323,-51.86644799,-52.41862697,-51.65757528
1,3.868051211,2.208191089,0.770365216,0.528934294,-1.123845365,0.313684106,4.017327366,-5.8826173,-45.50332298,-48.23998501,-50.52390588,-52.1004975,-52.28252581,-53.13753952,-52.01871019,-51.04065663,-50.43076368,-50.25305158,-50.27667097,-49.36539528,-48.93443273,-49.63089788,-48.66780359,-46.2007635,-52.49446353,-52.5896398,-60.19646906,-56.61397294,-52.28934035,-54.72663263,-53.83376723,-53.96904419,-54.0015298,-52.12756516,-52.68448231,-50.44832999,-51.61376784,-50.51814164
1,3.388702807,2.566707419,0.622127648,0.436120257,-1.72461051,1.289831503,4.659417942,-10.97663975,-46.51046075,-54.74176873,-53.6500053,-52.86161245,-54.39781011,-52.00762443,-51.38518616,-50.53670912,-50.04044238,-50.14129006,-49.76268762,-50.06197831,-49.97167238,-50.55325854,-50.34309127,-48.25219694,-54.55454503,-55.22008915,-55.20235579,-57.29898074,-53.04619755,-52.30221834,-51.92330712,-52.81411268,-52.21669265,-50.99060622,-50.70318107,-51.44001729,-52.27552242,-51.84629643
1,1.329890652,1.477873945,0.584341724,0.417039035,1.006689607,-1.135249984,-7.33514244,1.419366132,-45.24248962,-58.00606656,-49.92668973,-52.92098929,-51.1308618,-51.26423713,-53.4947338,-52.32574978,-55.37105819,-54.11583194,-55.64280774,-61.63190582,-55.03362489,-53.76514727,-55.5789372,-49.71562379,-49.22921046,-52.71156184,-50.27735878,-50.29696304,-52.096157,-51.58732702,-55.29390625,-53.05301985,-53.12049981,-58.06257001,-55.10190769,-56.39336671,-54.53198577,-54.35069327
1,3.125502245,3.00875966,0.684146177,0.580630839,-0.750382598,1.057682148,0.77143382,-8.834091173,-45.43844259,-51.17457675,-50.79041916,-53.60883622,-54.55891924,-54.15680641,-55.51540043,-52.70897974,-51.89803953,-50.92922911,-50.40264649,-49.65432449,-49.77572231,-49.31064055,-50.02466188,-46.40267077,-52.00757733,-54.81215858,-58.78133106,-54.30514057,-54.55882759,-57.19718243,-54.24373062,-52.57436905,-51.51637679,-50.73915754,-50.78543083,-49.39097586,-49.91972493,-49.42510261
1,4.061788588,3.710253242,0.797118432,0.634707965,-0.995806769,1.376407037,1.495829738,-10.3855597,-44.98034782,-55.47465785,-51.52744135,-51.81807956,-50.84622683,-51.37134681,-52.04388134,-51.79012117,-50.18584475,-49.92058911,-48.91480081,-49.19174896,-48.65233153,-49.24028833,-48.97619998,-46.43906787,-59.12389305,-55.61449602,-53.76751206,-52.62703638,-51.83203189,-57.17839004,-52.60024372,-50.86544069,-50.69795686,-50.07503975,-49.34388597,-49.4177235,-49.12911494,-49.76482381
1,0.162727307,0.815924992,0.514802426,0.318989058,0.303148968,-0.028930296,-2.342678128,-2.655671229,-45.49351252,-56.66525738,-50.43613401,-51.45794185,-54.49466603,-55.57374349,-55.05793242,-54.90354006,-58.85311194,-58.3978689,-64.11056887,-57.29897227,-58.34268162,-62.21102721,-60.4643658,-49.29928705,-52.10969774,-53.08041038,-57.66285497,-60.06710397,-53.18953078,-54.04849467,-52.63055329,-55.09498206,-55.51927522,-53.89483716,-54.88566223,-53.12261119,-53.50844955,-54.93349013
1,1.67657264,5.733969449,0.836357195,0.960006581,0.5335965,-2.423580569,-6.027113462,10.13992908,-43.54272559,-56.19154197,-53.29082304,-54.02511441,-51.49068499,-50.70897661,-50.68554169,-50.39121017,-50.10936221,-51.63283552,-50.54401043,-52.49539994,-52.15709461,-52.6091984,-57.56795862,-45.4197591,-48.91385565,-52.69066936,-51.088375,-51.00732886,-48.52346139,-48.2883032,-47.811869,-48.14838147,-49.180681,-47.73311656,-48.21660042,-47.99183528,-48.29967824,-48.96071635
1,1.888323181,2.481547988,0.525184344,0.500243787,1.352697289,-2.796200893,-9.640532865,9.379504871,-46.42162512,-55.47970853,-49.1425504,-55.91255365,-50.08837991,-53.7988155,-50.36837865,-53.34601648,-53.05285825,-53.01373565,-55.00105128,-54.65005362,-56.83789455,-52.50008486,-55.60637956,-48.29746178,-51.11377997,-51.85335104,-51.034494,-51.76980679,-49.94566652,-50.95340192,-52.02526478,-51.74669491,-52.40254743,-53.11503388,-52.33585973,-51.19821159,-52.83417635,-51.32597115
1,3.38738399,2.079336801,0.754202964,0.542372126,-1.830327766,1.34369156,7.92374069,-10.47161381,-46.05859799,-50.55144003,-48.85633503,-50.09779755,-51.49022866,-51.00990946,-51.53767122,-52.5759024,-50.43260075,-50.97500925,-49.33768628,-49.0559955,-49.06887773,-49.21895891,-49.31193795,-46.0779724,-57.59466069,-53.84243652,-53.52655865,-51.98106544,-54.32321706,-60.26498182,-54.6625395,-53.32237982,-52.63526652,-52.23116709,-51.08520652,-50.33297369,-50.64895195,-51.10283963
-1,0.340888791,0.377798511,0.512398811,0.404370331,-0.209038945,0.737494879,-3.800372791,-3.464328495,-45.36742195,-51.66561548,-53.31832276,-53.0127862,-55.57244556,-60.79397963,-57.64180135,-56.09774072,-57.97584802,-56.76463563,-58.59532464,-60.30231221,-59.65617578,-57.53805477,-56.97629522,-46.67608289,-50.5037313,-53.21456414,-59.22134151,-56.53439129,-57.00099598,-61.42859678,-56.70360013,-54.89528128,-56.73069202,-61.06530914,-55.95115443,-58.00634897,-57.20212375,-62.3627795
-1,0.098377313,0.448666437,0.425817482,0.336072612,-0.151694531,-0.339945957,-4.350794763,-3.335873741,-46.2701465,-51.86104749,-52.31813346,-53.68784573,-56.44412263,-61.95654939,-57.90375658,-58.28828724,-57.39569712,-58.23345799,-66.83028978,-56.85652998,-65.57116554,-57.99473723,-64.60104849,-47.23975648,-57.17083203,-53.62957594,-58.99160962,-59.44491792,-55.9447193,-56.22582496,-61.67806799,-56.54120409,-56.58872456,-57.67379968,-58.77281406,-59.35971103,-56.7221981,-58.09711517
-1,0.635910381,0.580216672,0.55903125,0.414458606,0.111231785,0.457849018,-3.260055222,-2.667705409,-44.92185113,-52.90781478,-52.36863459,-57.50174677,-58.1337057,-53.27777105,-57.91261768,-58.45878245,-56.47889989,-55.69801321,-54.8193151,-59.73919047,-55.93135208,-56.89162027,-62.83454782,-46.4436773,-53.33623108,-54.559215,-57.59332156,-54.74534127,-54.27509435,-54.99106608,-61.82610347,-54.2047939,-58.30170264,-61.92719467,-54.58131117,-56.07363534,-57.27615496,-58.41493014
-1,1.110786798,0.728077278,0.586633752,0.488434982,0.226663776,0.349090015,-3.709041548,-3.425650001,-44.7931178,-52.92563829,-51.35236549,-54.53049322,-59.07438616,-55.64410798,-58.28164601,-55.32131795,-64.70144394,-55.8929608,-54.11699912,-54.33653551,-55.74190913,-55.04615761,-54.07283244,-45.61407832,-53.68810382,-52.50086604,-57.66712401,-57.02929396,-56.80960288,-57.3802377,-57.65789146,-54.92932881,-59.95915427,-54.66441003,-53.19509905,-61.14611012,-54.33522279,-56.64234786
-1,0.417222038,0.795351519,0.521222835,0.46676979,0.142638033,0.078659675,-3.967049618,-3.430423523,-45.14135135,-53.71316506,-55.63508854,-57.64230353,-59.29862046,-59.31098328,-53.69646994,-58.13739815,-58.16401624,-59.46159707,-55.82599457,-60.98629208,-61.65751909,-57.79048203,-56.23473339,-45.72436986,-53.71514114,-54.17541548,-56.7147482,-55.09340602,-56.5730537,-55.70332109,-56.57594794,-58.36039409,-58.6656203,-56.17821989,-57.78706001,-55.90160291,-58.21476522,-55.72574676
-1,0.149210746,0.352479508,0.54018498,0.406987406,0.299043168,0.234851451,-4.013316845,-2.064351443,-45.13160438,-50.20184132,-53.50746784,-54.03674108,-58.00238883,-56.88901643,-56.79425889,-62.21423269,-59.79139859,-59.15700999,-62.51327542,-59.32534198,-58.32766113,-62.23526038,-59.919391,-46.49974983,-59.8282431,-53.77350894,-51.09569216,-62.31016295,-56.30267288,-56.30662736,-54.24000647,-66.86029798,-58.00100566,-58.34364034,-63.29993974,-59.58751467,-58.38009708,-58.22086571
-1,0.112524727,0.294703207,0.275696838,0.274814267,0.568922185,0.370033155,-2.789099353,-3.665681086,-49.15166326,-51.86245011,-53.83950293,-53.6349386,-54.56288444,-54.48447105,-56.39606512,-55.81361909,-56.82498366,-59.81075787,-58.58452845,-58.24765035,-57.66981897,-58.54357684,-57.66537925,-50.67265917,-50.05904617,-52.55252758,-53.95350307,-52.27452558,-56.71960879,-56.78544261,-59.7138111,-55.47217492,-58.84594727,-58.39487551,-56.65332901,-63.27274356,-64.54267942,-61.6438106
-1,0.261895307,0.326613698,0.488247855,0.449893425,0.047445758,0.099955206,-4.05737476,-4.047172533,-45.33307262,-62.29079976,-55.17886844,-57.09699132,-56.22373216,-58.24121964,-59.94631816,-58.46901424,-62.09678298,-60.03507223,-59.31567727,-60.61785287,-60.98812777,-60.24107273,-60.41000766,-45.84901199,-54.8171542,-53.49981242,-56.46786141,-55.33982975,-55.52040498,-54.38376995,-56.68106212,-61.21927022,-62.20080718,-60.45622112,-58.10011678,-58.38459737,-63.21237227,-61.17380968
-1,0.612685776,0.762945365,0.511779756,0.408608619,0.219695222,0.256874238,-3.383712619,-1.882842274,-45.34691189,-51.32235538,-53.71743983,-54.54804727,-56.24251625,-58.5721165,-59.15651962,-56.09483884,-55.46145452,-63.37368827,-57.92164058,-57.98703369,-55.8583072,-62.32434066,-58.0243813,-46.88606124,-51.95088884,-51.31249664,-54.51476811,-52.50562122,-59.66116524,-54.06241951,-56.81804537,-54.65743737,-57.14107965,-62.69810889,-56.56577577,-55.2040604,-58.28275566,-55.26596261
-1,0.088099347,0.208945857,0.392443868,0.371971347,-0.111844044,0.459791842,-2.604378018,-2.097929829,-46.39597397,-53.08356928,-55.5437649,-65.71995898,-57.87813675,-61.41799034,-55.64016357,-63.95628513,-60.65728476,-61.56646159,-62.80901082,-62.34827711,-69.26523717,-59.47881361,-59.90357988,-46.78312918,-52.54579556,-55.40285036,-57.66039151,-62.94082138,-55.74750007,-56.49777529,-56.05940671,-55.28383315,-60.61476901,-59.19842968,-60.55834979,-61.95527285,-60.77899065,-58.58622788
-1,0.319795975,0.226678352,0.53097861,0.51160721,0.415538628,0.369543231,-3.219170933,-2.983573863,-45.04376821,-51.50915614,-56.21684941,-57.9995031,-58.66948365,-59.89444842,-61.26876322,-60.83883149,-59.14724852,-62.46421634,-61.24631414,-68.25387577,-63.18824958,-58.75838984,-59.50664335,-45.25788507,-52.80279968,-59.48729005,-54.06325697,-57.98439168,-54.26650945,-54.22320001,-56.74737956,-58.82644911,-58.96561259,-58.81124387,-60.49935568,-61.46052097,-63.11563245,-60.41479769
-1,0.232701677,0.321802355,0.511851013,0.394291708,-0.042981965,0.182888312,-3.696088338,-3.9478164,-45.14941228,-59.75112351,-52.80296831,-59.3557225,-71.337735,-58.76805571,-64.63487911,-56.63608053,-59.36571447,-60.65334954,-60.5734289,-61.16243282,-61.16062558,-60.61077146,-59.70125771,-46.46126697,-53.33358512,-55.98972531,-58.29227951,-54.95927521,-59.27005617,-57.00356437,-54.70385671,-57.83109007,-57.58087301,-59.74563406,-58.48639835,-59.57992837,-62.14217687,-59.34566616
-1,0.168373673,0.163746606,0.357183434,0.311867325,0.771299054,0.075825187,-3.099234941,-2.547784721,-47.63491288,-49.1416942,-54.56982883,-61.96094571,-59.07232638,-62.83863687,-56.94614871,-59.19632809,-61.15848823,-58.09739227,-59.1132252,-64.02729076,-57.71146368,-58.42093984,-66.27958441,-47.98057167,-53.04494478,-53.03222217,-54.55431431,-54.08337624,-54.53562976,-55.52766971,-59.91112335,-58.74128618,-58.01230922,-57.76792154,-62.6794024,-62.64074622,-59.54314757,-59.09201191
-1,0.308336972,0.156879185,0.507025292,0.378359828,0.315550335,0.596810372,-2.32639427,-1.616301521,-45.27211174,-52.70706585,-53.28752993,-57.47115274,-55.52342167,-61.95737092,-58.7228397,-60.78466762,-60.3008021,-57.43288185,-59.8969942,-61.56957783,-61.13994077,-58.75099072,-57.87668122,-47.14731841,-50.78851013,-52.33722401,-53.12110198,-55.40523537,-54.00291008,-65.69171822,-63.36036383,-58.5477539,-58.97863487,-57.80493905,-59.12515161,-60.46466203,-64.57194324,-60.57862104
-1,0.095713056,0.269428096,0.501447639,0.35470932,-0.227505663,0.357415531,-3.505908985,-3.696294466,-45.2918911,-55.01882234,-53.45398757,-55.79593722,-55.26235771,-58.40184436,-59.29258396,-58.98515358,-57.8377511,-57.52718405,-65.10801223,-66.08112237,-58.64158008,-57.51406695,-62.315268,-46.95945066,-54.10922327,-54.58226764,-55.88628349,-55.93778025,-56.23204656,-57.77873943,-61.01381208,-60.7469474,-65.85972233,-62.95861132,-56.29843472,-56.16081925,-62.17782268,-61.99768484
-1,0.342097453,0.123454177,0.471410651,0.357431334,0.165534392,0.114542027,-3.886428804,-3.450689493,-45.56263149,-53.30684919,-58.22926455,-54.57809107,-60.14091487,-57.34325701,-57.00752681,-56.92842687,-61.17583539,-61.41052084,-59.93387086,-58.77633126,-72.94614389,-60.05712223,-58.70615649,-46.84377186,-57.49845714,-57.63056056,-53.56108508,-56.1213281,-57.56737853,-61.63199259,-61.22978588,-60.23363456,-55.94919463,-59.20452364,-58.68091253,-67.96672365,-59.53706365,-61.05080199
-1,0.031491559,0.302671948,0.478906816,0.289897752,0.448181445,0.005018905,-3.335518472,-2.854673412,-45.73144339,-50.40545857,-52.0531624,-57.45411286,-57.27804443,-56.29489662,-59.96109536,-68.78517011,-59.11374242,-64.3177227,-60.62731736,-65.95240473,-60.10720531,-61.89809949,-59.7308745,-47.85270088,-61.81810517,-54.67626243,-56.04348303,-59.28113606,-55.8032042,-59.10650762,-56.99415623,-58.39660322,-58.16228799,-57.41381883,-62.87284765,-59.58473112,-59.01774802,-59.22825339
-1,0.189050034,0.636219772,0.496747186,0.298111452,0.450790531,0.61486717,-3.160270014,-1.732404804,-45.39447591,-53.284598,-53.87008982,-54.38396341,-57.80507825,-55.52201888,-56.28742883,-58.21953565,-58.37388126,-56.88346476,-58.33612385,-62.68789075,-63.55790639,-57.16510251,-58.3202972,-48.90849385,-52.31325751,-53.99677372,-55.28230606,-53.0653907,-52.91744005,-62.12790139,-53.37895675,-55.67474684,-62.60733149,-54.18567899,-56.05134257,-59.56415288,-57.41232706,-59.06770548
-1,0.630705395,0.11966047,0.76115766,0.377322898,-0.19737683,0.131904819,-3.317582351,-2.957613468,-43.56192977,-49.69375709,-51.10633368,-56.53153699,-53.63249168,-57.36242087,-57.97464862,-62.82412483,-59.00912673,-58.82662815,-58.02670747,-56.76924367,-62.45830346,-60.62694481,-57.88665609,-46.995976,-53.53966104,-55.75388118,-53.51521801,-54.79312161,-53.68165254,-55.28425839,-55.16637159,-56.18067035,-57.05591516,-55.96693944,-56.96638341,-58.262726,-57.00364053,-55.90716679
-1,0.180529852,0.201470974,0.455350574,0.233372944,0.358234443,0.146146184,-3.535874543,-3.555920652,-45.72783001,-52.7513736,-55.37567812,-54.94042682,-58.04238339,-59.39975173,-58.98605625,-58.81873009,-65.91582076,-62.37043371,-66.32992133,-60.06189678,-62.91493129,-59.78456642,-62.24776986,-48.96070255,-62.57923281,-63.71255834,-54.6742727,-59.74399249,-56.9629222,-54.23183898,-60.39405207,-61.23811364,-59.45418379,-65.16483876,-56.11812055,-60.72437083,-64.03919208,-64.62495774
-1,0.299041123,0.190738661,0.577677168,0.189921331,0.519725222,-0.441861373,-4.56251084,-4.558442581,-44.76020945,-51.59557097,-51.3044837,-55.04337857,-56.32302166,-58.81383538,-58.54046334,-60.41275173,-66.99232763,-59.02417179,-67.92624437,-65.23110036,-60.35368539,-62.0487591,-62.47061354,-50.19478971,-57.45220569,-55.96198817,-56.48171931,-55.12619085,-58.15803238,-55.77710102,-60.17180244,-60.59223609,-59.26828049,-59.6875595,-57.73405252,-66.22715025,-59.27195648,-61.78299907
-1,0.252331995,0.33450299,0.567788648,0.250751058,0.585911675,0.508094599,-4.142275551,-4.298600792,-44.86076945,-51.30952128,-51.18206339,-57.0898815,-58.79716692,-56.50100789,-58.41705225,-58.38251169,-57.40176189,-64.73986991,-61.3459854,-59.16552875,-59.76871867,-65.04799318,-63.34430442,-49.08283656,-56.41086352,-53.00756482,-59.39747326,-55.92553608,-55.7235858,-53.95078863,-55.5711712,-61.93710627,-57.02090976,-56.51074552,-61.07801674,-59.96672759,-59.41395581,-66.12801308
-1,0.026907697,0.311124026,0.445733648,0.166621814,0.531317745,0.275262545,-3.309739022,-2.865737405,-46.1091228,-50.42613906,-54.75657968,-55.67039725,-52.81395002,-62.30058728,-61.70355896,-58.11657366,-58.23988244,-60.5079213,-61.74580969,-66.42867104,-62.77002999,-57.13475878,-59.47514381,-52.08442363,-54.68250995,-55.72949479,-61.51423795,-53.08110147,-61.01475349,-65.08402248,-59.12940805,-58.43125472,-59.49994905,-57.08399889,-58.44515291,-56.44381168,-57.66553985,-58.56220356
-1,0.406496328,0.509887213,0.552254549,0.287372113,-0.043316455,0.073901789,-3.904530707,-3.958099371,-44.84394015,-52.44299468,-56.92591764,-56.34134289,-58.38393376,-55.76355924,-60.55496923,-57.53346919,-61.45177201,-61.10191443,-59.34711241,-59.68108119,-59.88311338,-60.66603493,-60.52603474,-48.37930206,-55.28805283,-53.5982184,-54.83317584,-54.32398411,-62.55661428,-53.77554922,-55.81733073,-60.60986337,-57.24170046,-63.91688531,-57.32947166,-57.99617526,-57.50167305,-56.30515224
-1,0.118082507,0.423422244,0.363057865,0.195576722,-0.186257172,0.449862166,-3.064446745,-3.652192963,-46.65690124,-56.0949081,-54.72997124,-61.27637663,-58.74294481,-61.17156234,-66.03741645,-64.2665768,-60.18681571,-60.94506152,-63.24729444,-64.06923204,-59.09071941,-61.46606158,-62.46077625,-50.01349744,-55.21106861,-55.73077565,-57.54400472,-57.4065658,-61.97515082,-61.6563104,-59.63112889,-60.38063485,-55.55383257,-59.75793943,-61.33536721,-56.94313057,-57.38271724,-65.3543584
-1,0.434492122,0.171029635,0.504804934,0.231640491,-0.091794387,0.249728441,-3.859261154,-3.724408247,-45.33543777,-51.31548236,-57.06396358,-57.93652866,-55.74168932,-60.47636025,-57.00301282,-55.57970271,-58.29739613,-56.60021484,-61.55023309,-57.56595245,-61.69843514,-60.70072909,-63.85026787,-49.48674975,-62.11252155,-61.1062078,-54.89243262,-51.86137291,-58.60431381,-56.25708618,-58.8956923,-60.05970308,-57.32327222,-58.98128876,-60.5623536,-60.92665245,-65.37420184,-58.48519555
-1,0.579848028,0.124376042,0.410808868,0.300396367,0.385459898,0.080706148,-3.678224129,-3.336871442,-46.23746415,-53.86529278,-52.97368389,-60.46413642,-57.12756014,-58.26576541,-59.96871997,-61.76417837,-59.18290428,-57.61699889,-60.63459082,-59.61432745,-58.85991998,-60.89931957,-58.9305978,-47.76057595,-54.63270324,-56.08140623,-56.96219639,-55.80554366,-61.92202236,-57.43164866,-57.37931504,-64.6579495,-58.05790107,-58.03843347,-55.78292661,-56.48073357,-60.82628249,-58.43180865
-1,0.54164838,0.32086531,0.469659257,0.245535507,0.392201374,0.322732632,-3.506611464,-3.365459873,-45.59945767,-52.46641732,-58.24537817,-57.69831094,-56.83580396,-59.9827857,-58.84572985,-59.15298823,-59.92070621,-57.01761758,-64.03352584,-56.18330605,-63.33217934,-57.53880801,-57.8674698,-49.39295904,-52.07778679,-53.32102861,-58.94872618,-65.78264636,-55.1586935,-61.33896467,-58.98006592,-57.60299714,-58.89422563,-59.06908573,-59.14244634,-57.69111308,-56.55066762,-58.60260322
-1,0.291119592,0.376296428,0.665396433,0.362467624,0.037835466,0.361735075,-4.048753919,-3.449025722,-43.96779419,-60.14476731,-53.81510898,-57.86033758,-55.3129969,-61.41349296,-60.76458026,-59.97721175,-60.55251362,-58.64533257,-62.06897246,-57.9733982,-60.65188632,-61.12280893,-59.44489895,-47.42932131,-50.26787096,-54.62062431,-56.80067349,-58.00399022,-54.17996553,-53.65829955,-63.15358241,-56.35569835,-58.21777814,-55.98571141,-57.91109942,-58.56912314,-57.76101882,-60.3055614
-1,1.070399,1.233958398,0.605453782,0.370574214,0.331954227,-0.363312831,-3.884400054,-1.114321194,-44.50233541,-54.15782366,-57.97648493,-54.09494074,-58.36636266,-56.24353524,-55.52649796,-54.95374063,-58.84791912,-55.14809417,-54.51716803,-59.55550772,-55.07523533,-55.48159247,-56.37655871,-47.50862095,-52.69352632,-61.80657257,-53.61248513,-57.3271269,-54.67130791,-56.17876115,-53.25788292,-53.90431852,-56.97440055,-52.80492389,-55.09280754,-53.55462135,-54.15287601,-54.72450353
-1,0.609617946,0.487834279,0.43470537,0.306200678,0.062868108,0.40635191,-3.674757925,-4.609903706,-46.10394998,-52.43865356,-53.82822391,-54.5020463,-57.09472548,-58.91144123,-60.11061702,-57.70119374,-58.34086674,-58.67587921,-54.88911126,-57.70040394,-56.56146673,-58.31351354,-56.17227692,-48.30673858,-50.1916673,-55.70432338,-58.93068969,-58.92916133,-55.6355534,-59.12704141,-68.88176895,-59.71032624,-63.64995731,-57.78325311,-55.27035752,-60.58069617,-57.25298353,-58.35090133
-1,4.481796723,5.012677296,0.886980254,0.864442679,2.257048024,-3.950529672,-8.811715538,5.096289141,-44.42793405,-49.71116521,-49.90650686,-51.1114252,-49.45453296,-49.32068531,-49.64153067,-48.99081497,-49.70595569,-49.11843402,-49.85810268,-49.83977075,-50.02681436,-50.21801567,-50.18427178,-47.00292066,-47.58453476,-51.65525858,-51.13187198,-50.47049067,-49.62388643,-47.8396721,-48.79355928,-48.25399897,-48.88207289,-48.48400265,-49.01438735,-48.87013458,-48.55185649,-49.39416044
-1,0.579342652,0.590059145,0.537190206,0.394586228,0.474520866,0.900494914,-4.134181678,-4.1649874,-45.39104553,-55.98446323,-56.54033929,-52.06917597,-52.89493929,-52.8016007,-52.92357012,-54.36474057,-61.60630995,-57.49370012,-53.16754669,-53.21152743,-54.18290331,-55.12210826,-53.98286032,-47.04556915,-50.6874237,-52.18703278,-56.83877873,-56.89139182,-55.99411526,-53.22237615,-54.38345966,-60.7424204,-57.2048659,-55.78422566,-60.94216021,-56.11806631,-57.47097085,-57.39428861
-1,0.5704683,1.091975654,0.568762875,0.400740733,0.099108917,0.004404137,-3.668137866,-2.032275486,-44.77406961,-59.0207371,-52.04258954,-61.2853252,-55.93496832,-60.9275816,-55.77479483,-55.45414108,-55.06457907,-56.58430786,-55.83598438,-56.97314003,-60.80878144,-62.43148641,-58.70652408,-46.87731831,-51.53431369,-59.43390241,-53.93425822,-62.61545464,-53.70023697,-55.24082169,-53.53704129,-55.80438141,-54.41950792,-54.08901701,-55.03954902,-55.39050041,-57.86927576,-55.9920663
-1,0.449663044,0.552010337,0.577489247,0.346702759,0.007865856,-0.132117879,-3.684660297,-1.637745651,-44.61268666,-57.46641184,-53.96527728,-58.65008993,-60.6286943,-59.62700144,-55.88035803,-56.5665796,-56.13781807,-60.54533913,-58.3348912,-61.59190469,-59.87586197,-59.08059077,-63.88563171,-48.80552805,-48.61367739,-54.86839622,-55.92310327,-56.71819623,-54.28688256,-61.22773923,-54.07023553,-56.64422822,-55.95636101,-55.61993092,-61.5120501,-56.14252489,-58.18675509,-56.22447656
-1,0.078450098,0.37035671,0.505897471,0.319270559,-0.010690043,0.175818682,-3.486248583,-3.280806939,-45.1526618,-55.92682483,-62.10109728,-57.94552587,-58.43547618,-61.96783974,-65.31422261,-60.39924936,-57.66520681,-59.21728029,-58.40771748,-60.71665821,-61.74140855,-62.68076633,-61.80944397,-47.71879507,-57.05266988,-54.56178364,-56.28794162,-52.02984925,-59.02815962,-57.16923742,-54.8214891,-63.16565138,-55.60613505,-58.82586553,-60.6293305,-61.2953032,-60.03950774,-56.52640147
-1,0.27343405,0.542438148,0.445071655,0.289667695,0.155811957,0.034816433,-3.560458784,-3.200519258,-45.79039333,-54.44148656,-56.26459836,-55.58288709,-64.28800911,-60.19314884,-56.28616684,-60.31909859,-58.23250244,-64.18249376,-58.6119516,-59.61147811,-59.89782576,-59.78557713,-61.09988592,-47.9312693,-57.71321197,-56.78099433,-55.09997781,-57.71959001,-55.48236714,-61.27846685,-58.32210894,-56.76351312,-57.45925776,-56.61562553,-57.39813885,-57.42198581,-59.61808575,-58.50428475
-1,0.191067946,0.267701475,0.472815367,0.324172892,0.028305971,0.358670198,-3.955755892,-3.764415258,-45.55513741,-58.84591996,-57.87341495,-52.76279599,-56.32945075,-55.49103745,-56.98307776,-63.9953057,-58.34357804,-63.07830171,-59.44246525,-67.68967649,-58.04543451,-63.59441468,-60.87764721,-47.60468877,-52.35675715,-53.62769685,-57.55596138,-57.42640081,-55.13852121,-59.65237263,-57.76445879,-61.97183529,-55.39951833,-61.73111488,-58.05730515,-58.49793102,-58.55411858,-58.21778845
-1,0.232567614,0.095393867,0.392980357,0.323729287,0.165406839,0.186669542,-3.539582862,-3.576570205,-46.43587381,-54.02041341,-52.75929279,-59.02067599,-58.18413189,-56.97878602,-66.91468035,-60.38056445,-60.24264482,-59.80510565,-67.79173023,-59.49690654,-59.67318964,-60.36672057,-62.08138281,-47.33381349,-56.36996766,-55.18733748,-54.16376278,-56.43600224,-63.48598181,-58.54206395,-61.40101904,-55.89335608,-59.43994941,-65.94976816,-58.64543829,-59.33250203,-61.35251261,-63.04111801
-1,0.092670741,0.093511212,0.51355152,0.332049441,0.256971268,0.596679544,-3.855851994,-3.652116227,-45.23488274,-54.02373018,-51.62992939,-62.41013336,-54.64532898,-57.62866178,-59.25669032,-59.30572724,-61.31831808,-60.46152378,-61.19240584,-60.3619998,-66.26522723,-60.07312351,-63.19601887,-47.78931763,-50.04207428,-57.95439126,-54.85538312,-55.99790351,-60.50429337,-60.74268378,-63.15695984,-62.88778281,-64.4942224,-58.98978255,-56.54637486,-58.22959134,-57.13092712,-58.90823385
-1,0.320817483,0.245691713,0.402926702,0.277290377,0.121277529,0.592429359,-3.371447227,-3.965535604,-46.35742836,-56.64240242,-56.13060628,-52.58412178,-58.56965234,-58.4973584,-57.75133524,-57.70602487,-59.96292014,-58.63991015,-57.87352489,-57.93556621,-56.0659387,-58.71118733,-57.82586349,-48.18300885,-52.59500137,-58.75627302,-69.24787969,-57.87981325,-57.78965833,-58.31541597,-58.97597247,-58.65156068,-57.99124644,-59.08318108,-58.20369143,-57.69646676,-58.780425,-59.23196512
-1,0.005501325,0.50506104,0.507392914,0.289019286,-0.333221578,0.188073066,-3.819885019,-3.503295411,-45.17861735,-53.86178234,-55.63606403,-57.46578402,-59.30385417,-56.83983266,-62.44214402,-60.97139239,-60.4903236,-59.96649169,-60.89515003,-62.2595599,-63.75582544,-61.13896668,-63.28927641,-47.92738408,-55.16334097,-57.38424844,-57.06688992,-56.82642227,-57.81401268,-56.0072466,-62.60394733,-56.86727901,-62.20906021,-56.42131245,-57.76652587,-57.43360014,-61.19033432,-56.74929206
-1,0.014902682,0.610792983,0.655189013,0.417112359,-0.129519959,0.422855038,-3.952345667,-3.725774108,-44.05192832,-52.95698344,-55.77954368,-55.10865045,-65.92090755,-64.96344243,-60.22521943,-58.27899219,-60.89884458,-61.10976698,-60.52877971,-58.93440612,-64.17580526,-59.78720445,-59.34032128,-46.42714005,-53.24059249,-52.15891828,-55.04601787,-57.56279404,-54.23097177,-62.36324876,-57.01247758,-53.73392043,-59.563069,-56.42799184,-57.16077201,-59.35844266,-59.07507778,-56.35014538
-1,0.272805087,0.756162242,0.649792952,0.604844227,-0.382945777,-1.135017299,-2.941741087,-8.989574303,-44.85193296,-51.81048111,-49.58307836,-54.0871406,-54.87530072,-51.06841805,-52.95251643,-52.62975552,-53.70822081,-52.07234798,-53.06611085,-52.415422,-53.42961758,-52.50414492,-54.76883734,-47.52834965,-47.59949569,-51.60717805,-51.63582776,-51.38997409,-51.7060862,-51.68075643,-53.26464,-52.76670789,-51.59217049,-52.57837646,-50.48256414,-50.52562594,-49.65226606,-51.29857274
-1,0.32570103,0.324587273,0.474772241,0.17404719,0.046376752,-0.024918318,-4.212093575,-4.768414313,-45.53221267,-56.00436395,-54.09670347,-56.36820317,-53.45708145,-58.81640614,-65.13025322,-62.73423359,-57.25130812,-59.09734774,-61.27134959,-64.90308243,-60.47534288,-63.1819188,-60.29900572,-51.61270447,-55.55495908,-52.94467601,-57.67734776,-55.97704599,-58.30989614,-57.61084815,-62.85928714,-61.23656945,-57.24868839,-59.61068904,-56.82204729,-56.91486876,-58.98103809,-59.85882175
-1,0.064414572,0.446385312,0.633420005,0.34675145,-0.300723008,-0.060118116,-4.116909766,-3.819636564,-44.25850045,-53.37327607,-51.93804785,-54.65325869,-60.76675275,-57.99624347,-57.31215207,-58.97215627,-61.07146814,-63.32863859,-59.74570387,-59.83358558,-58.94848551,-65.83549981,-60.52338423,-47.20144053,-55.169831,-53.38271543,-54.90121081,-55.45532119,-59.31227944,-56.81817877,-53.72005793,-59.74121238,-60.47500162,-59.80187438,-56.48507873,-59.30126266,-58.01810938,-61.78491487
-1,1.2157244,1.502770794,0.578016098,0.380078375,0.138763964,-1.051427773,-4.028565266,3.616683487,-44.85606355,-55.3069869,-54.10416632,-54.93015895,-57.8750902,-57.12979468,-55.52434222,-54.58631879,-54.1609833,-54.5351899,-53.65687253,-53.82795474,-53.3789945,-54.32062245,-54.62685363,-47.77711313,-53.50247068,-53.66849945,-55.32104232,-57.02350754,-54.18532934,-54.0568783,-52.73529039,-53.17103174,-52.39920897,-54.98300665,-53.5774968,-53.80461058,-53.06942014,-54.20676663
-1,0.350803672,0.2384579,0.482660444,0.263319137,-0.45749326,-0.188152265,-4.175372507,-4.220550461,-45.47868217,-52.66844772,-55.77821389,-55.17666725,-56.30288924,-57.75155531,-56.32108859,-62.35314879,-58.80350204,-60.47122228,-59.94749035,-63.51329413,-62.52794473,-58.84565269,-64.3985197,-48.42842919,-56.70355915,-63.84682539,-57.85672642,-60.89977213,-55.00491385,-57.14320939,-56.51299741,-57.30490749,-56.44407599,-56.41649558,-58.84085282,-59.63646943,-55.73186628,-62.8222762
-1,0.319042142,0.292081116,0.407237048,0.357532295,-0.126802852,0.086473378,-3.892384564,-3.707724767,-46.50688091,-51.21623845,-55.95754519,-54.51245878,-65.73775698,-53.62561687,-57.09669066,-57.49817109,-56.27714772,-61.38724047,-61.22204569,-56.85537455,-57.86641512,-59.0661037,-59.69376864,-47.39547784,-51.32312766,-53.37031638,-53.13421168,-56.02024309,-57.72091709,-58.13484787,-54.30774072,-60.14111463,-55.78703523,-59.21376156,-62.78122401,-58.7935187,-58.74846011,-56.96744466
-1,0.38777239,0.230706785,0.455687518,0.330247791,0.189058212,0.960987495,-3.48579857,-2.477738646,-45.77493831,-54.13607473,-54.06284708,-53.67229529,-61.21604057,-55.68166749,-57.718252,-59.21434949,-60.42259143,-58.1215505,-60.69443562,-58.34893511,-58.54202397,-61.44955569,-61.3379502,-48.3420506,-49.80797568,-53.24805071,-56.6137218,-55.98889177,-54.9916843,-55.09053566,-58.09817737,-55.14227374,-60.41695711,-56.41681195,-58.76473522,-55.24670684,-62.16553669,-63.43089778
-1,0.288021512,0.589159513,0.482213215,0.389526814,0.219474081,0.859416229,-2.991230143,-3.31748221,-45.5515962,-51.42958259,-55.61686673,-56.25841609,-55.92431419,-56.14823718,-57.17439388,-61.49176984,-58.26209747,-58.98496184,-59.03308842,-59.94148773,-61.90070383,-61.80631928,-59.84731343,-47.29835811,-49.66068343,-53.21052166,-55.86897298,-56.52343919,-53.13568692,-57.82335195,-55.80070603,-57.98508639,-55.08610044,-57.39345371,-54.7742399,-59.87971423,-57.09938018,-60.53964337
-1,0.135883717,0.20162061,0.376452995,0.240703047,0.030317392,0.809254769,-3.491099437,-3.126576384,-46.54950237,-54.34763486,-55.85754412,-58.1011086,-55.33974584,-64.83199868,-59.93800139,-66.34362956,-58.93435041,-61.07479669,-62.18477038,-60.77639416,-60.76833858,-62.16830298,-59.66985801,-49.30424016,-53.1316879,-53.09996758,-58.41210638,-57.08327211,-57.67552804,-60.6932209,-59.19302675,-57.13015591,-57.43773776,-59.26286084,-56.58586173,-58.89687122,-58.01402344,-58.78736501
-1,0.202411281,0.295799966,0.389607335,0.236724479,0.213815264,0.197890647,-3.895640123,-3.380844256,-46.74365745,-52.85855433,-50.99190161,-56.46158602,-59.41293996,-58.17688751,-60.71894016,-57.00132833,-57.89724575,-58.98435619,-57.15695694,-63.12334506,-56.78831864,-65.06629829,-60.15380751,-49.25370296,-54.36483786,-64.08450101,-54.96670322,-56.64106792,-53.78138206,-58.11944485,-61.47209959,-62.51418126,-61.74463837,-61.26962265,-56.34644622,-58.87090089,-56.22811769,-57.89047704
-1,0.113090639,0.195900778,0.525844021,0.383856453,0.17909515,0.893620439,-3.351842945,-2.884735567,-45.12774526,-50.77378398,-58.78327991,-57.90435338,-64.37054098,-57.78861048,-59.23713353,-67.90426381,-59.50018018,-61.78089833,-62.8305229,-57.32178477,-65.78302291,-60.96047302,-58.1698181,-47.24430861,-51.35087677,-53.27620066,-51.44679993,-52.16456784,-57.95130183,-61.50488279,-56.37123008,-59.27033078,-57.54244224,-54.70676737,-59.32828453,-60.45661779,-64.13714735,-59.72695878
-1,0.250109684,0.39083222,0.419499617,0.271855024,0.137048818,0.271416671,-3.918162248,-2.750195235,-46.1620345,-53.28066876,-54.59994793,-56.69689306,-55.90701596,-55.63095847,-54.80070077,-64.42025751,-67.1274649,-61.69057019,-59.52461282,-59.02336449,-61.38742939,-61.18699798,-58.80796952,-48.0407486,-59.43524364,-61.30384662,-56.57884098,-59.88130347,-55.90502493,-56.77141264,-58.92042159,-58.8023081,-58.76268185,-58.73808243,-65.55284206,-61.47540552,-61.12656705,-58.70829357
-1,0.068085607,0.498476563,0.558779679,0.47386221,-0.187874714,0.37306055,-3.79221589,-3.235558541,-44.77902987,-54.08402762,-58.03424855,-54.3043747,-57.40960427,-57.41304966,-58.92870876,-59.28744741,-57.39607326,-62.36092358,-57.84194753,-61.62442794,-61.25977846,-56.62056925,-64.45259703,-45.68797046,-54.58953864,-51.3704702,-56.76131532,-54.95235356,-56.06943206,-56.60929811,-61.82788093,-56.77905892,-57.45944483,-57.29060091,-62.72565424,-58.25880004,-58.6769121,-62.60193818
-1,0.205369497,0.177532876,0.457127532,0.35790583,0.124771935,0.466395003,-3.565854507,-3.696203241,-45.77864156,-52.08188958,-54.09474483,-58.99196224,-55.53297739,-57.03550821,-62.30039762,-56.45991935,-63.40906606,-58.80508974,-56.9711986,-62.31221409,-64.63517022,-59.89371269,-71.03708954,-47.19255148,-51.30487409,-52.33603269,-61.48296487,-60.00443766,-66.13193216,-58.06135037,-61.53888046,-56.42610035,-60.77506997,-57.48477445,-57.3902236,-57.93311125,-58.75435027,-57.86188248
-1,0.346090796,0.342949713,0.41675706,0.273459411,0.158348799,0.377961843,-4.253907565,-3.661009155,-46.36356308,-51.05005798,-55.32632898,-61.11764666,-53.17594757,-57.12430791,-56.53670779,-58.49836882,-59.13227844,-60.67320055,-60.10014041,-60.39482393,-57.91678809,-58.60015883,-64.90925035,-48.1317522,-54.26163602,-64.14248156,-55.93650372,-57.12252129,-56.37343894,-62.05598726,-57.94864399,-60.88755073,-59.95109061,-57.48264731,-59.87062951,-62.00756429,-59.05831629,-60.00851914
-1,0.165590147,0.394272624,0.433448292,0.250391059,-0.225472363,0.280153455,-3.662034853,-3.321752353,-46.04357399,-51.70803936,-56.44733871,-54.83465462,-61.71446711,-60.060832,-55.29909223,-59.77470224,-58.06393933,-68.74109433,-63.08049049,-59.21196519,-59.26558609,-63.91581285,-57.58304494,-49.17547777,-51.78353874,-55.19902853,-59.85860255,-54.46337463,-57.19876781,-67.07970332,-57.50769212,-59.87448594,-64.45099125,-58.08459851,-56.71857297,-60.04427974,-56.9285446,-62.53187507
