1,5.37,1.38,1.1938462,0.205782614,0.453129327,0.413439111,-4.254690353,2.142155406,-44.08861548,-46.25535725,-46.64012104,-46.22876796,-49.03785288,-49.73375835,-49.04372626,-47.75437476,-47.56774372,-47.92703632,-47.94945795,-48.31241158,-48.43970265,-49.9243209,-50.46612563,-55.76753911,-55.91170993,-58.94793512,-55.76008364,-53.56155956,-53.32185071,-54.3113653,-54.17305697,-54.66631838,-55.89645049,-56.79973176,-58.871413,-54.57390572,-55.00731726,-54.38569686
1,2.22,0.23,0.669227341,0.222355993,-0.906748366,1.244116574,-6.313773273,-2.408684073,-46.31754728,-48.95724765,-47.70788174,-49.91170919,-53.97601688,-61.9817873,-52.74528169,-50.12066541,-49.23786036,-49.95581895,-50.14990969,-51.160014,-55.47946829,-55.20893084,-54.39937035,-52.65469362,-52.87635831,-51.05130519,-55.05229385,-58.87741283,-58.8698628,-56.30225774,-54.3928187,-53.8135905,-54.56392014,-59.52714492,-61.00011706,-58.0362054,-61.31899419,-62.85929182
1,3.01,0.16,0.771457377,0.236456383,-0.708034463,0.501311317,-2.948633181,-3.938365062,-46.24201663,-46.95244936,-47.02057811,-47.56444229,-49.21276567,-49.27008435,-55.21819664,-55.02125857,-53.34562073,-53.7295275,-53.28726528,-52.4714861,-52.36365506,-51.68567024,-51.54263376,-55.57222227,-52.80427805,-52.04692656,-54.4826637,-51.32946401,-55.01601567,-56.17019955,-55.5769643,-57.85652129,-54.95559125,-59.10220168,-54.62153045,-54.66622921,-57.56094993,-58.15660127
1,6.56,0.63,1.25487736,0.249231436,0.548870104,-0.096263728,-6.181930681,-1.438413555,-44.50574144,-45.71853814,-47.39146816,-47.72666455,-47.21825112,-48.22876869,-48.13889867,-48.48370765,-47.08297158,-46.41031904,-47.65674939,-48.50186546,-48.71363267,-48.66540904,-47.60695709,-60.04350332,-52.7710936,-50.20942734,-51.12627383,-53.031158,-62.65371293,-57.51361685,-55.41423107,-64.37400502,-58.96607851,-59.81614332,-58.91345507,-55.79396986,-61.35197284,-61.07518978
1,3.83,0.74,1.096729112,0.219973143,-0.92643339,0.8690358,-5.387081738,0.416034552,-43.83941409,-46.03128103,-47.90311948,-48.76974572,-47.8587271,-48.43772299,-49.71289689,-50.15780997,-48.80183904,-48.01848816,-48.28909932,-48.91949304,-49.78890152,-50.79508738,-52.17670422,-64.73378445,-53.89900081,-58.45598121,-53.18778848,-51.68885458,-53.98583145,-54.2887293,-54.95294048,-53.25131736,-53.95334223,-56.21685461,-62.03262971,-60.5738064,-60.95974482,-57.26916217
1,2.47,0.56,1.058389106,0.209041712,-0.170966638,-1.420543032,-6.482840066,2.987865337,-45.45083499,-43.87785576,-45.55233211,-48.93645757,-48.98344126,-49.23224592,-48.46481919,-51.29048501,-52.58042273,-53.48906417,-53.33453981,-53.18130711,-53.69562528,-52.6671967,-52.96303343,-52.2407374,-52.12690655,-56.04219228,-52.6258316,-54.79563274,-57.84746998,-55.38815022,-55.36153063,-59.30302646,-55.95994349,-57.74290079,-55.38537556,-61.91052166,-57.51824299,-61.91874385
1,2.82,0.82,1.030962649,0.194186756,0.022987224,0.418911472,-5.886184607,-1.273932368,-45.07201018,-44.82891237,-46.49928357,-48.31648697,-50.4317918,-49.2414742,-48.45571395,-49.03434427,-48.38672758,-49.40245728,-50.02276159,-50.62209523,-52.52857888,-53.16347513,-53.30583156,-51.65719658,-55.93143849,-58.98677565,-55.14200679,-53.49645334,-55.87484062,-58.0682312,-62.54860455,-56.38797415,-60.669841,-55.69793675,-55.60618674,-55.34148956,-55.27839736,-55.92508681
1,2.91,0.47,0.787062316,0.2145626,-0.835529393,0.001675892,-4.522871348,-3.249081041,-45.37841272,-47.12484107,-50.43940107,-47.9051506,-49.25602607,-55.04976601,-55.29253007,-53.29476091,-51.76550724,-49.77468671,-49.60388944,-49.70904411,-50.57048859,-50.95846272,-53.15958433,-74.95136728,-51.94807465,-51.93990953,-53.30416142,-56.0996693,-56.16129854,-54.45129835,-54.28197435,-56.141284,-53.34905813,-63.00169116,-63.445463,-61.28404113,-63.64313051,-60.79107533
1,4.64,0.18,1.197239011,0.196722163,-0.022921633,-0.502704567,-4.986691953,-3.924793841,-45.24760909,-45.30103778,-43.98306537,-46.08057736,-47.95789238,-48.09625379,-50.1827791,-49.79181387,-50.61914169,-51.21980679,-51.29640311,-51.76433376,-49.25925148,-49.24643584,-49.56309358,-50.64615828,-55.26628408,-54.24997477,-52.80139612,-58.95576009,-58.61628114,-59.28421572,-61.08993257,-56.42870834,-59.05876702,-57.72522087,-62.91811112,-57.50421362,-60.9610617,-65.07756718
1,4.09,0.48,1.090712165,0.286640018,-0.46666013,-0.464642691,-4.344850423,-2.065209692,-44.86629539,-45.32756963,-47.44801725,-47.20817464,-47.16960047,-50.72987552,-48.88635257,-50.55573902,-49.05623816,-48.28730014,-48.50843593,-48.84582198,-48.49125265,-49.63256987,-51.21837893,-52.82231542,-50.32828117,-51.7530238,-50.6551188,-53.00041261,-55.72109858,-59.65525325,-55.66894233,-53.58356564,-56.46428396,-57.1876174,-58.69825691,-60.11751474,-58.43792359,-63.11487576
1,4.11,0.74,0.959836768,0.266082694,-0.298590637,-0.107203117,-4.486274796,-2.562132966,-45.090291,-45.77915007,-48.81681473,-48.55229232,-47.60467502,-49.92134362,-49.60357664,-49.73865256,-49.98865176,-50.42985321,-49.46721154,-49.82794103,-48.92496595,-49.84099447,-50.98116694,-53.1153808,-50.88109303,-52.75057392,-53.99264464,-52.41060425,-54.31968552,-54.42448759,-54.29472498,-53.88379482,-55.81173849,-54.5008508,-56.93589262,-60.63375731,-57.62078037,-55.36221396
1,5.3,0.77,0.981198993,0.170105666,0.934508734,0.346377076,-6.90257052,-1.863267884,-45.2097513,-49.49911779,-51.13068074,-50.08371201,-48.08115412,-48.07180804,-48.59343112,-47.66928389,-47.94727564,-46.96647944,-47.31875622,-49.24077038,-50.60092936,-51.03996315,-50.32692107,-55.07080803,-59.79186191,-55.05714617,-55.90103233,-60.71062782,-54.71710768,-55.05064759,-53.98238752,-53.95572223,-54.01268547,-58.23983054,-59.41924208,-57.76074277,-57.53365634,-60.77196543
1,6.61,0.55,1.299727736,0.272979617,0.04940266,0.150015297,-6.220884917,-2.752374939,-46.42826667,-45.84745697,-45.3518832,-45.57511529,-53.61336277,-50.0472625,-46.74094196,-46.50851083,-46.04931391,-46.99075234,-46.78693889,-47.07584038,-48.18709095,-48.22013507,-50.83847691,-50.68612297,-52.80251178,-53.00227847,-53.92675033,-53.06284783,-54.21789861,-51.99448938,-54.56801337,-56.16400392,-58.18983362,-55.82768341,-58.42084504,-56.99997508,-56.12792139,-54.95374986
1,4.52,0.01,0.933569887,0.13815151,0.920218711,-0.224204161,-8.849395681,-3.700876854,-48.53962635,-47.5493841,-48.02365807,-49.40052747,-49.93300926,-49.59670832,-49.42465094,-46.83222236,-46.98016956,-47.07268425,-47.53990451,-47.80642362,-49.29031078,-51.5073784,-54.0915818,-54.37422968,-55.4406227,-53.8302762,-57.02368708,-55.91376099,-57.36299197,-57.95621568,-54.66601705,-58.66857727,-62.11669926,-59.78386007,-63.77310959,-62.76843408,-69.14120274,-61.31306041
1,7.22,0.37,1.172608229,0.303092782,0.181155095,-0.342916623,-7.633711057,-3.529144417,-49.04438438,-51.77910695,-45.30531298,-45.60186429,-47.37534791,-49.50241291,-50.9044322,-47.98292131,-46.53455324,-46.39765219,-46.56327823,-47.47775363,-49.34240889,-48.37857199,-48.29861855,-51.75596821,-52.08832402,-50.14578967,-51.57224315,-52.59402218,-57.18616826,-54.0590215,-53.57924194,-54.62462708,-53.57222585,-55.09082205,-56.82919007,-62.90083169,-60.71262068,-59.26076732
1,6.61,0.66,1.139848494,0.252484529,-0.451902618,0.53285657,-7.860998821,-2.984752932,-45.7869091,-46.46150617,-48.49899932,-48.99757984,-49.41675075,-53.80231077,-49.74057489,-47.53655444,-46.61950491,-46.74441538,-46.47658669,-46.93811125,-47.54811837,-47.66939274,-48.97569508,-55.64285683,-51.97629036,-50.54039621,-54.02819614,-53.86459574,-57.17790922,-52.23978029,-56.20571469,-55.59748831,-59.30268479,-57.40868156,-56.58678144,-56.18461527,-56.610039,-59.31130027
1,0.83,0.37,0.823266882,0.165920727,-0.75147295,-0.194280906,-3.613071469,-2.761417546,-44.63525631,-45.92149785,-46.82907666,-49.90570415,-50.14135793,-53.70364233,-57.17206019,-54.96487807,-58.60230832,-54.5011135,-58.46175959,-57.10332017,-58.97006942,-59.42172352,-57.29623082,-53.09181336,-53.97812091,-53.16477084,-60.00387216,-61.12424136,-56.2624932,-57.26360751,-59.21821807,-58.68423581,-55.65429705,-56.36897913,-55.52020394,-60.37671339,-57.87549508,-60.52070724
1,2.37,0.43,0.961804132,0.247158066,-0.486745637,0.956157292,-6.2141426,-3.974302516,-45.29157181,-45.65107757,-46.43385577,-48.99275487,-54.87091623,-47.80570634,-47.57136691,-49.26208769,-49.11370512,-49.1829062,-51.18692658,-53.45584916,-57.45299862,-54.2711252,-53.61366843,-49.94685388,-53.62634121,-52.36600786,-53.05522242,-56.81153424,-58.14169302,-53.91278666,-59.26501405,-56.19482189,-55.43410959,-57.12616276,-59.17264821,-59.80275781,-59.22974655,-60.1391728
1,2.2,0.23,0.959580342,0.179607863,-0.924865429,-0.499845487,-3.141352659,-3.801941029,-44.73010122,-44.94263903,-47.34865689,-47.93439697,-48.38837866,-51.75595007,-51.07659756,-53.99776874,-51.1651741,-51.37871041,-51.11275706,-50.37392134,-51.82096016,-54.33066023,-53.33447641,-52.47281639,-55.721015,-53.83651214,-54.83066128,-55.21051237,-59.499554,-57.43770602,-55.77467384,-54.88005748,-56.27020287,-56.2234909,-55.69807322,-59.47429811,-58.49268265,-69.30930495
1,2.69,0.96,0.644798221,0.253065579,0.150003833,1.615446692,-1.960946839,-7.313582317,-46.81610444,-48.20671995,-52.8793968,-51.27560598,-49.9780766,-52.75326056,-49.8703495,-51.34424388,-50.22128184,-50.47147905,-49.62998895,-50.56655298,-50.22208037,-52.40613276,-53.11712852,-53.06292804,-50.46500287,-54.27952966,-52.49708078,-57.57049267,-54.78513909,-53.7042271,-56.88467013,-53.82778453,-56.70897129,-54.04600133,-56.16331866,-59.58418401,-56.74512576,-58.19488457
1,2.54,0.4,0.954044382,0.160861633,-0.461838612,-0.161758259,-3.334241013,-2.64154095,-43.87108549,-45.27760569,-51.9541108,-52.37352203,-50.87738487,-50.98421166,-50.18474397,-50.36584577,-50.25698972,-51.08481088,-50.41898323,-50.16590649,-50.57502354,-52.63914252,-54.32160578,-52.20156053,-62.09265298,-56.25488041,-55.00515212,-59.74617714,-57.67676347,-59.20402618,-59.60444592,-56.2039564,-55.79654776,-55.1248292,-54.77581312,-59.78037914,-58.155527,-65.43487324
1,4.27,0.4,0.789258948,0.186848869,0.049201615,0.20735093,-6.217354717,-3.155127915,-46.13143363,-47.22638302,-50.78975322,-52.50335871,-49.84948521,-51.08354869,-50.19870065,-49.88355944,-49.12816957,-49.17891852,-50.01983491,-49.65759139,-50.43779262,-49.9167137,-49.64553744,-54.84437079,-54.15744345,-54.99978999,-53.37096772,-53.55633322,-55.81650838,-55.85525014,-60.00694636,-53.6073106,-57.73678349,-58.21040526,-57.95879948,-57.75552083,-59.80545135,-55.56195942
1,4.22,0.28,0.812261263,0.285043171,-0.405569897,0.238427897,-5.91787191,-3.184428722,-48.38208003,-47.23534881,-55.64064649,-47.92845852,-48.0520934,-48.57197184,-54.22057231,-48.89811476,-47.93792935,-47.86794463,-50.77187681,-51.51420502,-53.28629937,-50.15744026,-48.83625648,-61.13106154,-49.759379,-53.58382331,-50.56993602,-55.50574683,-53.73289594,-54.67842586,-53.91156813,-52.86634759,-58.68858524,-56.70861665,-63.13512712,-58.48018717,-57.90682811,-58.48448138
1,4.02,0.18,0.6602083,0.18923778,2.038036814,0.596783154,-5.194220106,-4.491969029,-48.17230409,-48.17482013,-50.39041016,-51.15231303,-54.6205041,-53.36900602,-49.37336104,-50.8191424,-49.52228823,-48.79228422,-49.54584,-49.33031833,-50.12592951,-50.97392367,-51.86370354,-55.68998036,-54.98526163,-54.15019155,-51.81433647,-56.18709967,-56.49470246,-54.14928951,-60.34961989,-56.25862804,-56.52286057,-54.68142508,-57.50284558,-64.62696172,-58.43523715,-58.10971689
1,7.64,0.86,1.216638395,0.171707589,0.64817785,0.771891792,-7.653267923,-1.605161179,-45.7044053,-47.12647245,-51.2437455,-46.14558843,-49.22636868,-48.58279335,-47.96111174,-47.2730086,-46.64262855,-46.88956251,-47.62429806,-48.14500998,-47.82127499,-47.50671726,-46.24080879,-62.87378082,-60.91371285,-52.75155427,-55.02040251,-56.03467185,-59.67305838,-54.33772031,-55.90754626,-56.72091927,-55.39519881,-61.7003142,-56.95635362,-56.70589947,-55.9409225,-55.05640757
1,6.29,0.66,1.227646973,0.216303958,0.255758073,1.134302347,-5.986063286,-3.200731327,-45.37157474,-46.67700792,-46.62159985,-46.32062483,-46.43126612,-48.15524675,-47.42428444,-48.68743622,-48.6707393,-48.79688863,-47.66033423,-47.61820109,-46.89463374,-47.86451713,-47.69084265,-51.26618462,-55.06995541,-52.60347769,-57.55489379,-61.76275603,-56.3332008,-60.7597037,-57.81403253,-54.77427792,-53.93716959,-53.39673205,-54.0989497,-60.13236294,-59.27008299,-61.89234901
1,5.23,0.62,1.010568373,0.216271675,0.980888036,0.264283755,-8.033701949,-2.957840787,-45.58359745,-46.23598243,-47.36439553,-48.5070939,-52.49107275,-49.81533824,-48.98626119,-49.08255705,-48.38839485,-48.73612495,-49.51414368,-51.52367768,-50.04800864,-47.93918098,-47.28381732,-53.64290779,-56.33884043,-52.35355463,-56.85648574,-54.14593794,-51.51875671,-53.24037168,-57.2395688,-59.74410475,-60.40410597,-59.19457661,-59.5761598,-57.38819277,-57.87205475,-55.53072432
1,2.05,1.1,0.70497091,0.222562316,0.534351227,0.03163531,-1.335742356,-5.627698524,-47.26095083,-47.89949797,-48.63281325,-48.93520355,-50.50176685,-60.74979387,-49.46953155,-49.56441644,-50.67896361,-49.16512186,-49.30758633,-50.78889385,-51.18648597,-52.79267798,-53.06313937,-53.78872116,-53.74879669,-55.61216984,-54.03433662,-56.39145832,-52.86253361,-54.22064041,-56.59744057,-53.67551705,-56.33728105,-55.74633575,-52.58658429,-58.57029376,-56.74602258,-55.77153332
1,4.19,0.15,0.867681391,0.264444435,-0.32021893,1.439800919,-5.801389841,-4.736560302,-45.7118841,-46.31400992,-50.93388558,-49.66513922,-48.63403925,-49.59681581,-50.43681033,-51.01036941,-51.42279105,-50.00846784,-49.16385267,-48.5472258,-49.41280074,-49.49278131,-49.8971958,-56.28160645,-49.68566516,-51.23771317,-53.2270005,-55.25134929,-57.42299712,-55.20796296,-56.03631324,-57.81788045,-56.04316892,-58.84031149,-54.31472672,-58.95940991,-57.43532156,-58.0330126
1,4.35,0.5,1.358976953,0.252598217,1.097160022,-0.78053493,-9.253289825,-0.643906673,-43.61297665,-45.73735836,-45.37697676,-44.62625975,-48.47521061,-46.91117087,-46.63836094,-46.69660563,-47.72258855,-49.93380537,-50.13206236,-49.78044089,-54.17725273,-52.84675162,-54.46343859,-52.70628798,-56.66400294,-50.27392755,-56.07706449,-52.8025624,-52.59275027,-54.03012977,-54.47858754,-56.29355315,-56.51003983,-58.33649388,-55.50211231,-60.11230637,-59.67046031,-59.70585525
1,2.94,0.27,0.878381857,0.174602227,0.239696341,-0.232417253,-5.732517452,-2.908547257,-46.24778208,-47.63719372,-48.10221269,-48.41249353,-48.91305734,-48.69536658,-48.11052194,-48.05254146,-48.02896964,-48.39265174,-49.44140755,-50.40319435,-52.01181414,-55.02769971,-55.18303944,-57.04988158,-54.16182015,-52.67002048,-53.09444147,-57.38079138,-55.01010312,-55.25554668,-64.43844919,-60.0677772,-55.58847109,-57.66401461,-56.40926519,-61.13523323,-60.78772405,-61.92886786
1,6.15,0.23,1.228549028,0.262891821,0.368039224,0.455679394,-6.873930588,-3.701938224,-44.69162948,-45.61385877,-47.33279592,-48.74123391,-46.64294709,-52.57620206,-47.64422439,-47.75165213,-46.85779012,-47.27501974,-47.95211427,-47.8410094,-47.59715869,-47.50000522,-49.70210944,-50.81704447,-49.6495939,-59.62682668,-55.50081566,-53.55497993,-55.98008534,-55.09135842,-57.15355004,-55.01720549,-58.08120357,-59.21854215,-59.58095474,-58.31367189,-58.8409394,-57.03866473
1,2.04,0.11,1.048960749,0.181877953,-0.805877567,-0.501645901,-4.368198946,-2.958098007,-43.93953622,-43.92561722,-46.64328994,-54.63818299,-50.31000256,-51.05257598,-51.66685931,-52.8485431,-52.43247034,-53.29192385,-53.69192156,-54.06151241,-53.68674962,-55.11361274,-55.5363972,-55.80849403,-51.68566669,-51.99564548,-55.40050584,-55.73772317,-56.2402895,-62.71326147,-66.04345457,-58.57340988,-60.04232147,-57.08232715,-61.52485043,-69.36710601,-60.81804896,-60.03109198
1,6.01,1.37,1.233412085,0.292873026,-0.554895631,-0.292379054,-5.778712953,-0.645875524,-44.51090188,-45.50019987,-52.03000549,-46.13312975,-46.39433024,-49.52616046,-49.26484039,-48.64009794,-47.29677567,-47.48216424,-47.12207905,-46.58338291,-48.10663239,-49.17502264,-50.60517663,-54.67390522,-51.99384184,-52.59266551,-50.60539125,-53.08960895,-54.32163935,-52.39442638,-53.32092573,-53.76883842,-53.97277528,-54.5985693,-54.68514576,-56.09638989,-58.88567283,-58.82533998
1,1.62,0.59,0.673145601,0.173740726,-0.521571896,1.486326008,-3.072356269,-5.679288679,-45.4556607,-47.68734493,-52.76751291,-51.24979733,-51.62294286,-53.22362837,-52.81141521,-50.59800369,-51.32947726,-50.39126529,-51.27040079,-51.21550441,-51.30156918,-53.99043813,-55.58641632,-54.10422057,-52.29831738,-62.2916298,-54.52973054,-56.16329458,-55.52545021,-56.84736769,-58.60153058,-57.18247553,-55.18034803,-55.59637042,-56.4691754,-61.81112325,-61.3996239,-57.57869228
1,5.07,0.14,1.086010294,0.33055824,-0.09027332,-0.174194311,-6.863826034,-2.278941273,-45.67527062,-45.07125869,-51.05929668,-46.69428084,-49.71707621,-49.43177493,-52.00608848,-49.32119267,-47.83757094,-47.60804847,-46.69195065,-48.33786454,-48.29262004,-49.5640439,-49.40966652,-51.40917806,-48.25615382,-51.03121768,-55.23874516,-53.5188536,-56.41632867,-56.41711041,-55.28129334,-56.62835244,-61.84866019,-60.40901008,-55.56830824,-61.06031448,-57.48628903,-57.48605025
1,1.82,0.05,0.857784608,0.217972726,-0.715949376,0.155376484,-5.174244553,-2.03586817,-44.14262892,-46.21396291,-52.45393496,-51.13146897,-49.5790563,-49.13111301,-49.56564531,-52.56578867,-51.55937719,-51.01426237,-53.6326508,-53.38168062,-59.83823089,-56.64708142,-55.00260067,-52.78326154,-53.30892812,-51.35421843,-55.67319183,-56.86310294,-62.27761653,-64.24870113,-55.04596931,-55.71730993,-54.62779898,-54.20690112,-55.95933308,-56.19712352,-56.66920138,-64.59214833
1,4.53,0.05,0.980203263,0.183860511,0.0738639,-0.15860249,-5.74077968,-3.017109971,-44.70617028,-45.34646535,-52.55964755,-51.86050784,-51.70774124,-50.29747161,-51.25931981,-50.59996059,-49.27283418,-48.27320029,-49.22055437,-48.97367977,-48.60098441,-48.57296261,-49.34523683,-58.1692127,-52.16714061,-53.006554,-53.57386258,-54.09278851,-60.18243154,-56.90756978,-60.25875004,-56.97970794,-59.85483267,-56.89663123,-58.06764738,-60.54234226,-60.41936153,-57.14306154
1,2.46,0.53,0.982001255,0.271757697,-0.412231142,-0.797278062,-6.68438128,-5.030717688,-44.59378034,-45.80673355,-47.13990087,-49.29596574,-50.16793944,-47.84524555,-48.14609204,-48.44954601,-49.41694003,-49.23758119,-51.79475764,-54.80392942,-57.22276071,-53.46790777,-55.22800024,-52.97303596,-54.8082922,-54.03977932,-56.75021753,-53.33510588,-51.28444368,-52.85953625,-53.67623441,-54.33400073,-53.26300157,-54.6863157,-57.43636933,-54.1805362,-54.49090809,-54.0287323
1,3.76,0.16,0.970057988,0.205167614,0.338154612,-0.130622733,-6.795211468,-1.742539121,-44.68895701,-46.27443797,-50.34108237,-48.86818446,-48.36312694,-49.66027145,-49.1443624,-48.69425789,-48.09222517,-49.08919629,-48.8452607,-49.87991469,-51.92481326,-51.11305602,-50.40301896,-54.62982958,-58.28451871,-50.43395771,-51.75824982,-59.67269571,-58.32383459,-58.07215147,-58.13782415,-58.45218319,-61.21041314,-58.4436965,-64.65547167,-59.56378372,-59.63422377,-60.78955144
1,5.93,0.64,1.456875804,0.244900929,-0.32005425,-0.275392295,-5.41109733,-2.163505138,-44.3184875,-44.01098806,-45.63797711,-47.56009105,-47.6340949,-46.55933323,-46.35306715,-46.84983862,-46.95040528,-46.28782613,-46.35490086,-47.56869416,-49.65667423,-49.97359083,-49.98268215,-51.2463163,-54.00321445,-50.21615916,-57.24810171,-53.62381356,-56.88151091,-57.48831535,-56.00974049,-56.77721454,-56.16896452,-66.12281851,-58.23849724,-57.79622095,-57.38594636,-56.83057262
1,6.19,1.04,1.051003938,0.218273588,0.49682652,0.722900793,-6.500269099,-1.662592977,-46.36328946,-47.86374749,-48.08333491,-46.72329405,-46.68389366,-48.93689008,-48.66049654,-48.53997227,-47.66946577,-47.84202189,-48.67949028,-49.76698082,-49.31328286,-48.41166832,-47.80550486,-55.12024002,-57.93812718,-52.05784999,-55.55155856,-57.86379326,-54.82584758,-54.34249292,-53.5975514,-55.53886704,-56.4648331,-61.01210001,-56.49033397,-56.49348109,-54.62009175,-53.45968118
1,3.4,0.33,0.829331374,0.185302751,-0.473389499,-0.1446686,-5.442024992,-3.858762797,-44.68500358,-47.36164108,-53.11669787,-49.95177842,-50.41408375,-51.04266657,-51.35213548,-50.60027303,-49.68393703,-50.73915517,-49.52271676,-50.05177338,-50.12119926,-51.00685666,-50.43811631,-53.01866785,-53.1600693,-56.8804431,-55.76524847,-52.22765705,-56.66307501,-56.06133116,-55.63058362,-59.15483826,-56.94261749,-56.3826354,-59.93806681,-58.71945855,-66.11489479,-61.17101543
1,1.32,0.4,0.920913057,0.220119818,-0.298815774,0.221671089,-2.626916369,-3.336754717,-45.68441936,-44.42189897,-49.37123236,-48.69070771,-47.52138705,-48.81720498,-50.31405667,-54.69918871,-52.3813995,-51.93869038,-52.19869898,-50.91447578,-53.28711897,-52.90429414,-64.71759972,-56.75505049,-53.82666267,-57.32895517,-51.19482805,-51.95444116,-57.85610249,-56.88244063,-56.28362591,-55.53409113,-54.98145262,-55.787596,-55.38941334,-58.0834564,-57.1712165,-59.20166857
1,4.37,0.46,1.162810274,0.238546829,1.588422507,0.151435458,-5.028624056,-3.499097174,-46.05118699,-48.81279153,-49.32850111,-44.4511563,-45.10211492,-49.06556084,-49.22121337,-47.25149584,-46.54167507,-50.73318627,-49.51836709,-47.61542095,-48.96211596,-53.0823831,-52.52351568,-52.08521916,-51.32270021,-53.01809601,-58.90267317,-52.09019505,-54.48651674,-56.3566058,-53.28125874,-57.51914633,-56.18735945,-69.19708335,-58.96281085,-60.47565071,-59.85122168,-60.51958628
1,2.43,0.24,0.808168261,0.184441725,-0.961917654,-0.09038104,-4.808376074,-4.664298726,-45.31701595,-46.42416534,-47.8331974,-48.72257756,-49.43343576,-54.81451038,-52.38525726,-49.96907956,-50.45901623,-53.38784595,-52.87847774,-51.07026203,-50.96026555,-52.80224157,-53.11383955,-50.7868712,-52.06647023,-60.60235401,-58.75792266,-62.99684911,-58.41670756,-61.48495021,-62.84954058,-58.65013765,-63.61173498,-58.19138209,-56.61104995,-63.13244944,-58.56279871,-60.803967
1,2.35,0.03,0.688176656,0.173439189,-1.010644546,-0.37530055,-4.414508238,-3.680391362,-45.14160079,-49.05922049,-49.96981277,-50.83421945,-53.25982059,-57.4459931,-56.36586893,-57.2263146,-58.12512691,-53.16388722,-52.58805311,-52.20762574,-50.6934926,-49.84727921,-49.18396953,-51.13813518,-56.02005886,-59.46031933,-56.3010208,-56.39268266,-60.61457261,-54.51472337,-57.28751205,-57.92143993,-58.52153558,-60.08829098,-57.11692372,-57.63759573,-60.14584529,-56.90697403
1,5.74,1.06,0.922950802,0.243855546,1.561704171,1.226943444,-5.893025213,-4.967985127,-47.65546573,-47.42028289,-50.16053762,-47.83227269,-52.94603582,-49.66546177,-48.73402452,-48.57129826,-47.53041508,-47.65347119,-48.40063192,-48.57127393,-48.24554358,-48.8193949,-49.0371726,-52.91430978,-52.18137806,-52.16584681,-53.33391097,-57.02517953,-55.67489282,-55.82517133,-56.72124819,-54.0918697,-54.69205258,-54.18450265,-60.12827719,-54.84902327,-54.78779378,-56.14548104
1,3.73,0.01,0.987449168,0.264302591,-0.762973749,-0.56362491,-4.223943196,-4.183967146,-44.90532067,-45.38451348,-50.95852995,-47.48989909,-50.71258603,-50.04381812,-49.3642345,-49.96214368,-48.23053285,-48.73994894,-48.64898012,-49.64182889,-50.12971005,-50.06850967,-51.64117142,-48.88619742,-57.01143318,-55.58297347,-54.92649996,-54.37419658,-54.41326122,-54.18461491,-55.36489234,-59.07799188,-58.37223775,-56.76105897,-56.11224745,-58.13121207,-58.65524232,-58.68982708
1,5.29,0.6,0.993613149,0.249734234,0.589162948,0.304562026,-5.2495111,-4.892786811,-45.41372552,-49.27769713,-50.95598362,-47.16595024,-46.83053641,-49.08910331,-49.2644928,-49.49950296,-48.65085159,-47.65582855,-47.33742499,-47.74616158,-48.50967233,-50.61294999,-51.67781755,-49.61115403,-52.3525814,-54.56905167,-53.52324595,-64.15246099,-56.67890324,-60.49736449,-62.46343785,-59.65334592,-56.7267625,-54.91580592,-54.23444645,-59.97780653,-56.91566842,-58.10622015
1,2.62,0.27,0.731438811,0.203903077,-0.295615003,-0.696217257,-1.960444364,0.052466597,-46.69096695,-47.78310243,-48.10784698,-49.27310904,-49.37807993,-50.06087524,-50.60101106,-50.01743275,-49.48530258,-50.01995011,-49.65621686,-50.40988756,-52.57358455,-54.50144358,-57.40565989,-52.26973212,-61.09806428,-58.36986518,-54.62051277,-53.66095178,-52.87121417,-54.39499381,-56.32772848,-58.65838999,-57.47563631,-58.18922353,-54.87331699,-56.75545153,-54.40992845,-57.37318871
1,1.43,0.08,0.676184147,0.174852617,-0.574726266,-1.654164919,-2.623598299,-1.561438061,-45.16435185,-46.61071511,-54.63845417,-49.19386692,-58.11735737,-55.39513488,-55.34432391,-59.26952386,-66.79427307,-57.74817016,-58.06279028,-52.76265987,-54.28112042,-53.129282,-52.72711672,-53.17210867,-54.00053233,-53.36760439,-53.5731728,-54.49969842,-56.1598029,-67.12246014,-61.04345457,-60.51061658,-57.69602586,-57.35252891,-56.85180297,-61.09633578,-60.09569489,-58.69335333
1,3.92,0.4,0.78430347,0.196443973,0.026833922,0.354282111,-4.355932059,-4.130322524,-45.89701826,-51.078436,-49.83609823,-48.7793909,-47.23966157,-49.86452993,-49.78052244,-50.47812448,-49.1699453,-49.88504966,-49.01401312,-50.38685468,-51.26972117,-52.64677176,-52.11982756,-50.91229971,-52.41968896,-58.93556612,-56.50017592,-54.75365023,-55.22336453,-58.64114175,-64.64297413,-59.39406244,-58.09337814,-58.64614667,-57.23236034,-58.65972181,-58.93830974,-59.65511288
1,3.4,0.32,0.882342187,0.245124331,0.232344844,0.051487302,-5.105486624,-3.777955572,-44.98621864,-47.12055576,-47.69958385,-47.65774458,-48.28837451,-51.33816241,-58.50453185,-51.33210087,-48.691517,-49.86688059,-56.858818,-50.25276127,-50.57273794,-52.07581381,-50.88447793,-51.23260739,-50.79060024,-52.75298394,-58.50123809,-59.88497345,-54.08780221,-56.71154434,-54.51063568,-59.00258504,-55.15542709,-54.888188,-55.53163003,-60.49852973,-58.2330088,-58.67303026
1,3.39,0.35,0.889188315,0.173615056,1.254866144,0.286520721,-4.821503575,-3.795622091,-48.45132019,-46.75252326,-46.84129702,-46.57094713,-47.14860527,-47.37866769,-49.49704034,-49.33457175,-49.62266486,-53.33571113,-56.01110266,-57.34330637,-52.43261236,-50.60827164,-50.11552776,-53.78259068,-62.96073978,-56.54088977,-54.43057313,-56.13877458,-52.68833968,-56.35316474,-55.89391097,-58.96344564,-54.26600423,-55.9878025,-57.32299281,-60.21967992,-62.22185215,-57.62416169
1,4.9,0.47,0.965081714,0.26327193,1.426209847,-0.092663348,-7.585120437,-4.095520677,-46.60628335,-47.7717445,-49.48795729,-47.02106036,-48.17746458,-50.50637946,-46.74312825,-47.77893103,-47.90972934,-48.2421104,-48.12008191,-48.65498315,-49.67611497,-51.72799242,-51.12134395,-52.6636507,-51.99907328,-51.56008826,-54.85239511,-51.9356328,-53.9348269,-61.77679553,-53.42854997,-55.69841451,-54.37603546,-54.10850972,-57.63651115,-55.13406958,-59.0183956,-59.47697004
1,4.21,0.41,0.764597972,0.165023377,1.122686229,-0.589319115,-3.469144665,-1.844226002,-49.00238545,-56.6918265,-54.85616025,-47.57208868,-48.58835795,-48.64342311,-47.97953752,-47.87382617,-48.68573997,-48.14812302,-50.14180224,-49.7715027,-50.11514771,-52.0867952,-52.00287725,-54.10650145,-55.78631262,-58.17017165,-55.37285251,-54.90208572,-54.06327735,-65.87386852,-55.17958166,-63.48873346,-58.3077321,-57.21649227,-54.64639337,-56.41427363,-58.26886421,-55.45446501
1,2.47,0.69,0.797973997,0.170705109,0.509575946,-1.355763519,-5.452509083,-6.714330591,-46.05111707,-48.72036797,-48.45913812,-47.12542524,-51.63317149,-48.66601488,-49.07063985,-51.40581777,-50.68324382,-50.19096446,-51.77403397,-49.84367393,-51.27579135,-50.12501464,-52.04947041,-53.08628777,-55.49304536,-55.07609837,-54.7821149,-61.82019907,-54.37376653,-56.79078092,-55.19490956,-57.78688951,-59.01990899,-55.81196471,-54.62090487,-59.19197667,-58.37613328,-59.12390427
1,2.77,0.2,0.621952257,0.107730494,0.431213453,-0.248530381,-2.485972542,-4.473058535,-46.81190866,-52.35960636,-51.70050583,-52.39995033,-50.54591994,-50.28088553,-49.48245454,-49.22634597,-49.09294758,-50.19487274,-50.01143378,-52.22276544,-52.03312217,-53.37987946,-53.86989442,-54.31656781,-56.44478811,-58.36441822,-62.63808105,-66.11116289,-56.45515813,-59.67993848,-57.71086467,-58.20588631,-60.25554968,-55.7191573,-60.6989115,-62.46824552,-61.30784486,-61.52740926
1,4.43,0.3,0.821162417,0.111046162,1.064162494,0.73105582,-8.186705258,-5.79813919,-47.33137298,-50.20246707,-51.61451355,-49.02109167,-49.80071612,-49.41924799,-47.98725281,-47.86560419,-48.00929001,-47.85381742,-48.02881534,-49.03222398,-49.76313327,-51.46594043,-53.09491186,-54.34562868,-66.53158437,-56.69633078,-55.42299446,-63.06113111,-61.50913959,-59.82119542,-64.18539922,-62.79484471,-63.67729871,-57.77240416,-55.63380922,-59.53674883,-57.51240045,-59.35306136
1,2.91,0.61,0.752264225,0.283371857,1.102092653,1.091347681,-5.83477721,-5.859363475,-47.15629789,-48.58888845,-48.38146137,-54.09067512,-47.70356355,-47.03685034,-48.38353753,-50.28163508,-49.25580282,-49.42798621,-51.85549779,-60.68566838,-58.65580248,-56.49728915,-55.61135603,-52.22152344,-50.10514259,-50.75389401,-52.06770258,-54.18363236,-56.40769005,-53.57730725,-55.53755059,-60.26489144,-58.04475336,-60.66926114,-57.08059988,-59.0809823,-59.42385508,-62.26037402
1,3.47,0.14,0.69955985,0.127548627,0.884003945,0.339137183,-6.460781168,-4.289281557,-47.53203026,-49.23593113,-56.84416111,-48.7690201,-48.54886339,-49.85935748,-49.59691237,-49.3943961,-49.6462782,-49.49672944,-48.93377335,-49.85830164,-50.86998982,-52.43033334,-53.83623643,-55.956775,-55.20176702,-56.29877028,-61.55322727,-55.04647384,-56.97384391,-57.04363448,-58.55230734,-58.36551912,-58.1273221,-55.94923047,-61.06436836,-58.96698266,-56.89218802,-59.94890861
1,2.39,0.42,0.496009762,0.161050931,0.36937012,0.06474162,-2.240821738,-1.98609105,-47.49818558,-51.5161426,-54.7426162,-50.80518584,-50.23585494,-51.92563109,-53.26821215,-52.63506736,-53.59400023,-51.97671512,-52.5273174,-51.41986095,-51.90784679,-52.95682314,-51.57999604,-52.42582769,-54.56280252,-55.97495975,-57.51493003,-59.48619875,-67.68123108,-57.51160105,-54.7281301,-56.99224877,-55.31190961,-56.23201,-57.66209655,-57.54536657,-59.42171533,-60.88449841
-1,1.31,0.08,0.769319657,0.316913213,-0.558691848,1.194453811,-2.07448189,-0.678237421,-44.9831828,-47.31898149,-50.30914961,-48.651737,-52.71985133,-48.4665485,-50.02411737,-53.28634811,-51.41160524,-50.11334059,-52.04553831,-54.51931358,-54.28386963,-55.90999417,-55.42435007,-49.09954246,-53.28511343,-49.29589507,-52.57730661,-56.29507185,-58.17944885,-55.11767063,-61.08993257,-59.74241241,-59.51322562,-56.03949012,-59.78410485,-59.74415005,-58.49028893,-60.27638349
-1,0.49,0.24,0.566523716,0.178985586,-0.988452764,0.053165426,-3.449600967,-2.994578747,-45.5473198,-48.52609432,-49.2487389,-52.50138817,-60.3501885,-53.56662642,-55.43447024,-58.88474422,-55.71684468,-63.76179252,-58.69376023,-60.22385746,-55.91998273,-59.16838946,-68.83158853,-50.84828193,-55.78995879,-53.91980797,-56.29676774,-54.9810046,-60.67074462,-58.75616286,-61.15080659,-58.96911614,-58.19100299,-56.87388868,-61.33877291,-61.76689703,-62.1412398,-65.34718413
-1,1.56,0.07,0.692537722,0.178251052,-1.01348392,-0.234747497,-5.573698793,-1.86735382,-45.60876976,-47.9320312,-46.29512818,-49.8775454,-56.04833882,-52.816828,-54.80640363,-53.55596063,-56.41650275,-54.7960033,-55.03766113,-56.27683708,-54.30095501,-56.55603104,-59.9823984,-50.94321091,-55.08336934,-60.12208605,-53.84125095,-55.98822974,-56.77346776,-56.44868549,-56.03631324,-62.49638676,-58.76305386,-61.00818224,-60.67910005,-65.65696352,-64.47299154,-64.27304847
-1,1.35,0.08,0.501562305,0.144994275,-0.469183235,-0.57602702,-2.688435033,-2.902395068,-48.56762278,-49.99951336,-50.47038224,-51.36959144,-48.05922632,-50.5144943,-49.08401287,-54.38530598,-59.15673701,-58.14949728,-57.1406036,-55.66639899,-59.10004121,-61.4457515,-57.04567655,-53.22076412,-55.81920327,-53.97527837,-58.65529157,-59.00582371,-55.81870806,-58.31544919,-55.9767896,-57.53045634,-57.01611146,-57.35001716,-59.67403031,-60.23118505,-59.99543493,-62.15280031
-1,1.5,0.2,0.449238505,0.176546736,-0.880951312,0.435822568,-3.434581547,-1.326849797,-47.43551629,-57.80833827,-48.73303002,-51.57632856,-50.5867203,-53.74337791,-54.91262478,-52.17934459,-55.73622175,-53.28026177,-58.16623351,-54.24566567,-56.59164984,-59.22587754,-57.95391524,-54.33292516,-54.58894093,-51.74051274,-53.57813761,-54.37567472,-56.40450579,-58.70137283,-60.75669053,-63.83123984,-59.89833788,-60.42671643,-59.09340505,-59.54987198,-62.9975377,-69.66572049
-1,0.45,0.02,0.457128328,0.096387382,0.48112082,-0.024019095,-2.473152184,-3.098919147,-46.88782829,-52.14190062,-49.15251481,-53.36843921,-51.05768495,-52.77933899,-55.74010829,-55.58936448,-52.39987573,-62.38477568,-56.11759649,-56.78589232,-61.35641001,-61.44116484,-57.04468572,-55.39964877,-55.85675931,-57.63101235,-58.69292138,-61.19632861,-56.19056587,-62.66511959,-60.61165542,-58.64540655,-61.36504215,-63.60318636,-57.28939025,-66.54096851,-60.29347009,-62.31174508
-1,0.63,0.5,0.535875361,0.279986049,0.057487041,0.204734508,-3.629415428,-2.79895125,-46.28940967,-52.30960559,-48.66585289,-48.91274741,-55.01344227,-54.8764152,-53.7865193,-53.61426311,-56.21702183,-52.18277112,-53.83219714,-64.44847638,-61.22597361,-55.0563489,-58.28950614,-51.03120802,-58.0593608,-51.75017386,-51.03968668,-51.09346013,-52.89425661,-54.33092605,-63.61568246,-56.16620851,-60.96624029,-56.47786528,-56.32790849,-64.13959524,-59.61348732,-59.70275921
-1,0.84,0.01,0.300400124,0.11079921,-1.105034454,0.571100398,-4.903163967,-3.697030706,-54.07285758,-50.75864216,-51.09716111,-50.6724839,-52.37653968,-52.61357933,-54.7423438,-58.84076116,-55.51844997,-56.11948533,-57.37914147,-54.52092688,-55.11957072,-61.17387209,-62.6304935,-58.06747165,-58.5055193,-53.01485052,-60.74107638,-57.99240595,-56.61197606,-57.94154968,-59.54726441,-73.49158615,-59.68147103,-60.28346555,-60.74107638,-60.07725408,-61.45546649,-62.45707116
-1,1,0.05,0.312553589,0.122849867,-0.35259999,-1.279072612,-2.252257486,-0.062167382,-48.0850186,-53.36853134,-58.34591545,-58.33901423,-54.96100001,-53.88822329,-53.86732049,-55.63714173,-58.29552947,-58.05039295,-56.83684049,-56.94933614,-55.09022539,-55.55677501,-55.06861149,-54.53036864,-54.80645054,-57.05813683,-58.89804846,-55.76497355,-55.04159647,-61.99324675,-57.42207522,-61.5742455,-64.00761074,-61.93285702,-60.49341851,-58.2906491,-59.69365236,-59.09500946
-1,0.22,0.21,0.324185879,0.085236344,-0.241614934,0.029977561,-2.108949348,-4.315589875,-47.42884941,-58.41292068,-59.14141578,-52.86400959,-54.88353138,-57.22692164,-64.32449659,-56.74546756,-56.5651779,-58.99411092,-60.62154433,-57.11985648,-59.17108881,-58.2585878,-60.08208116,-58.24079776,-58.34712946,-62.94932972,-56.22599029,-59.21501247,-57.11728751,-58.49940894,-61.12147994,-58.73450483,-61.86768111,-61.70496332,-56.50219373,-62.41774325,-60.78748896,-63.54163895
-1,1.4,0.17,0.511289634,0.113928431,-0.746049842,0.024717259,-1.984561961,-1.91564192,-46.64832473,-49.25507204,-51.90754035,-52.58257659,-51.43892038,-50.69401794,-52.87283162,-55.54261584,-51.96774848,-51.90026129,-53.8867705,-58.99257075,-55.42673146,-53.85342816,-56.88144044,-62.07834508,-55.58022247,-55.1330453,-54.13484374,-57.3298076,-57.03604136,-61.52517086,-63.26194207,-59.98902938,-57.77516446,-60.95460378,-60.17340515,-59.58697526,-60.53069173,-61.12535498
-1,0.49,0.04,0.280935936,0.070530911,0.715678283,0.086350799,-1.533361986,-2.26694641,-48.50884013,-52.31608741,-60.1140822,-56.29511002,-55.5055728,-55.31229725,-54.61549825,-58.71654031,-54.66805355,-59.22227591,-56.90307757,-62.71229558,-58.27666227,-57.11913372,-61.1501543,-68.05029947,-59.11936983,-55.85450463,-57.78986983,-60.46002489,-59.11559363,-59.96783937,-62.84954058,-61.04717753,-62.02037332,-60.34200478,-60.86944821,-62.00994613,-60.71925401,-67.13975295
-1,0.41,0.18,0.352940771,0.069865943,-0.981883977,0.42829416,-4.417011553,-3.124455144,-47.90081502,-51.49869651,-49.81293576,-56.87953837,-54.43479609,-55.91532662,-60.74945159,-58.13113239,-60.67159544,-58.1325569,-59.19136827,-58.46381445,-60.12031238,-60.31740727,-56.15892025,-57.61084265,-61.39947208,-60.64250174,-59.83870144,-64.20597181,-58.90972843,-63.36487496,-59.98486875,-61.90360293,-58.62148782,-56.15210593,-60.07515987,-61.55314765,-67.34147839,-64.61052709
-1,0.19,0.21,0.293634119,0.129085954,-0.909631715,0.547403797,-4.808507122,-2.064880815,-48.22697504,-52.68039575,-53.71088252,-56.0174,-55.05413113,-56.90835721,-57.50914633,-58.69304589,-55.78879113,-59.58909039,-59.51717881,-56.29581637,-57.03451451,-62.018169,-57.49567163,-60.63679963,-54.26650334,-53.91953749,-59.23490787,-54.81734515,-56.55570866,-56.47315017,-58.32165502,-57.52890995,-63.66208153,-59.85236726,-59.13063275,-67.2310603,-62.04100252,-67.06488451
-1,0.45,0.32,0.712012717,0.183307023,-0.618985875,0.224057963,-2.601810106,-2.56729848,-44.47994605,-47.17631821,-50.10417542,-53.86770559,-50.56177542,-58.6873071,-55.42970348,-59.66994928,-53.77993825,-53.71106491,-63.51936542,-59.24142857,-70.52765501,-55.52522274,-56.42162495,-50.46231173,-57.93167501,-58.38799683,-53.50133957,-56.74947615,-57.04082946,-59.38965396,-62.87908488,-57.96562456,-58.96937226,-58.76828623,-59.98449971,-59.01940868,-59.53510144,-69.33479148
-1,0.9,0.17,0.413443996,0.163611583,0.126954275,-0.604089848,-3.255262733,-3.052743732,-47.05054408,-59.96013311,-52.22861705,-50.17145808,-53.87423665,-51.6727105,-64.28518915,-53.64088358,-55.18912096,-56.17823441,-54.8468794,-57.52534975,-58.95576948,-58.21179818,-60.35047405,-53.55342807,-53.67924543,-52.27318223,-56.24985235,-57.05603023,-59.37107454,-60.41897942,-56.54081572,-63.47171521,-57.37787569,-62.15539598,-58.12798494,-58.42265048,-59.17207992,-63.88016343
-1,0.7,0.02,0.39263085,0.13674223,-0.043531127,0.772098464,-2.486738168,-3.488033437,-51.51508633,-47.39806997,-53.76538009,-49.95149733,-53.19943184,-55.80686002,-62.98399021,-56.09777655,-55.97912926,-54.32547847,-54.82081548,-60.34475028,-57.39512388,-65.31001437,-60.98334642,-53.54611664,-54.37988484,-53.4726985,-61.36221319,-55.34481698,-62.8728023,-60.22471577,-60.84346964,-59.60617554,-71.74359207,-58.45270252,-60.55982689,-65.85858015,-61.83927588,-59.66470864
-1,0.28,0.24,0.194498554,0.117309936,0.495494856,-0.027026284,-2.044062708,-4.146922646,-54.71681678,-52.00096721,-54.44088278,-51.71509966,-56.4307854,-58.52040403,-57.25951749,-58.45165915,-63.33594737,-60.8231384,-56.46983814,-57.65778114,-57.54715848,-58.92044434,-56.55699224,-54.39602998,-56.10895001,-58.77559397,-54.73987706,-58.04495652,-56.71365892,-59.01742355,-58.26976208,-58.52777827,-58.82938896,-60.74954724,-58.48204292,-61.6123022,-62.40785946,-65.51715026
-1,0.75,0.08,0.452307344,0.114546917,-0.574470338,0.099513071,-3.297088299,-3.57148247,-47.35030525,-53.60177426,-56.3854905,-47.42258612,-53.96079248,-53.76976287,-56.02474435,-57.53079507,-58.09637543,-55.87071142,-55.52559178,-60.82495692,-57.63424845,-56.61729072,-58.62072174,-55.5674313,-56.23335383,-54.04843451,-61.03133807,-59.91719778,-59.17733805,-56.24773288,-57.90361479,-63.90312996,-65.14864467,-57.60324782,-58.70498421,-60.0197477,-62.47338178,-58.87082259
-1,0.48,0.1,0.40731543,0.155943449,-0.705837681,0.760417333,-4.971772254,-3.752351274,-47.72081539,-52.9554158,-48.20131852,-51.76328318,-54.04184477,-58.27449992,-56.27603951,-61.85106112,-57.84142212,-60.87459174,-60.08978089,-59.49947847,-58.245427,-63.00993063,-59.9904972,-52.94598368,-52.2157826,-54.98028104,-63.41016515,-58.26509832,-55.99748744,-57.7122238,-59.59262657,-61.30873978,-63.23860238,-61.58138075,-57.38518354,-61.77869354,-62.83114511,-61.80199176
-1,0.18,0.14,0.206998641,0.07655102,0.156849956,-0.482889958,-2.416098871,-0.979639388,-49.44119824,-55.42887925,-56.03400181,-61.30578985,-59.67152497,-59.25625833,-60.44497352,-61.54724972,-56.72256021,-58.78078965,-61.07532241,-61.23362046,-58.89228029,-59.1703325,-60.68698054,-57.5577147,-57.02480292,-58.28084097,-60.47441224,-59.70788861,-60.36949452,-58.53013141,-60.13928461,-62.72726601,-64.36031991,-58.25903691,-60.49676676,-58.41013162,-61.87814416,-60.14118279
-1,0.96,0.21,0.444895419,0.110397011,0.788359517,0.645467588,-1.96204646,-2.352167533,-47.33908144,-53.38064654,-48.36855684,-51.04150607,-53.38855701,-52.98061087,-55.68439206,-55.51760743,-54.67580651,-57.89717213,-54.21942133,-58.3124155,-56.49613102,-58.23416309,-58.29340476,-56.34849883,-55.31113669,-54.56599592,-56.32923623,-57.4634901,-58.0160303,-58.94215073,-62.55371991,-58.3851512,-60.15428525,-59.54523324,-59.56895123,-66.16590311,-64.78479632,-61.97181612
-1,0.33,0.07,0.219711947,0.096375223,-0.988524999,0.319347406,-3.388389784,-3.058307314,-50.62598896,-54.96801642,-52.40722751,-55.01411948,-53.44351849,-53.59429989,-64.33508173,-63.07832803,-61.09527718,-58.33354608,-56.71511965,-60.79012058,-66.00471954,-58.30050111,-59.46286164,-58.50637122,-55.95306091,-55.02160151,-55.57973459,-58.75307131,-59.06503752,-60.28697545,-60.47373781,-62.01432836,-63.41327352,-59.23533969,-63.95454133,-65.21731134,-60.91137065,-61.92400362
-1,0.72,0.27,0.236053986,0.082072162,-0.873821881,-0.151389395,-1.884271659,-2.550885024,-49.29008361,-57.73303248,-53.86950242,-61.52004576,-61.06988758,-55.916214,-55.49471798,-57.6361842,-58.86366062,-63.1309885,-60.28955774,-55.14071649,-56.41733337,-55.95286965,-57.1391042,-59.35282303,-57.40013773,-57.19896615,-57.6486146,-61.09477259,-58.70277407,-59.78681435,-58.55880633,-59.25384044,-61.25234943,-58.7091075,-58.81928244,-58.6925436,-61.11241036,-64.19003315
-1,0.65,0.1,0.332234386,0.139663379,-1.190626004,1.735897777,-2.773231618,-9.349246786,-49.93648291,-50.17549771,-49.2572075,-51.72941787,-60.88518071,-53.60674793,-58.88247301,-57.32360131,-62.57308743,-62.17267557,-59.98113699,-59.66505337,-67.46899589,-60.39220105,-60.70200376,-53.84146307,-55.8186307,-54.18783615,-57.31300377,-56.99622778,-55.32554209,-60.50650873,-57.2825342,-57.65787637,-61.39401714,-57.3925561,-58.53780546,-58.28600198,-59.58081315,-60.88549704
-1,0.66,0.06,0.345109669,0.095085796,-0.367280183,-0.449645636,-1.836407693,-2.584838133,-47.31600935,-54.88880228,-52.00602932,-57.46155372,-55.75918993,-57.72188446,-55.19770727,-56.21426543,-54.90584474,-58.27622944,-56.91819146,-58.69550245,-61.70495213,-58.74117551,-63.72467578,-54.40869383,-56.16025883,-62.87359765,-62.51705223,-59.94234364,-60.0704571,-59.42992707,-59.06194491,-63.06533735,-61.52045794,-60.02448775,-56.51692666,-63.15195468,-59.80393413,-60.3566047
-1,0.23,0.25,0.210653513,0.106681111,-0.583661153,-0.003516959,-3.934319339,-1.896910683,-51.21786616,-52.0712986,-51.77625746,-56.13268804,-57.95036434,-58.5857233,-59.16710374,-56.55208775,-62.6952691,-56.94243263,-61.78451428,-59.23791048,-62.9989065,-58.81015314,-61.30256501,-60.6071161,-56.59809536,-54.92860701,-57.04538521,-56.00946099,-56.36193072,-61.32197738,-58.60734666,-59.48876209,-58.27735034,-57.1837661,-63.23634251,-61.89022779,-62.0891126,-62.35114336
-1,0.48,0.05,0.332029154,0.089916954,-0.131128574,0.155796497,-2.391391568,-2.273824986,-47.51878789,-51.5997761,-56.88023795,-54.01013429,-55.66707726,-59.13637525,-54.69110354,-59.35469056,-59.88693515,-57.16996253,-60.73930762,-59.91870831,-64.34754871,-62.46580605,-61.37561502,-54.96170163,-59.83810094,-58.76802918,-59.34843085,-61.20964503,-56.24125013,-59.75821505,-63.64088358,-60.11948974,-70.88163592,-59.57591601,-57.13968331,-63.0621716,-60.58439691,-62.15707972
-1,0.48,0.1,0.246186342,0.117365282,0.449021512,0.622975498,-2.297616439,-1.477408474,-50.63231538,-57.38218652,-50.88444313,-52.34537045,-55.78306117,-52.99031899,-59.06634393,-61.05626565,-62.847044,-61.56222654,-56.7536414,-60.55539105,-57.36273868,-58.98164362,-58.64993273,-55.0256048,-55.05229261,-54.36528599,-55.89462652,-56.40581492,-59.69410329,-61.64755574,-60.56401987,-59.54901955,-63.76171316,-63.52416282,-58.81040315,-62.60008311,-62.7367,-64.89556279
-1,0.59,0.05,0.343960021,0.114870426,0.104698515,0.378330479,-2.451092457,-1.776183204,-47.49338522,-52.89817545,-54.52207766,-53.57279066,-55.10035817,-52.91994754,-55.44088559,-56.54950613,-60.94141502,-55.82796616,-57.22501766,-58.87499884,-58.23035685,-64.17307535,-59.20271744,-52.54967464,-59.7714493,-69.7783114,-55.72451108,-63.2396393,-57.64714675,-59.80012571,-59.41298063,-59.97230538,-59.49162501,-59.34682486,-62.63095834,-68.23870376,-63.34377573,-63.37867669
-1,0.47,0.2,0.294288735,0.125895232,-0.256265553,0.677836011,-2.002848754,-4.292854217,-48.34550736,-50.81935975,-53.66389174,-64.76237549,-74.1337913,-55.86451187,-59.05972956,-59.64565661,-56.62347589,-57.34516553,-63.6884039,-58.65387744,-59.69338033,-63.95983633,-63.54944942,-56.23825916,-54.11168849,-56.68349019,-54.16251625,-57.27221368,-56.20632184,-58.38396144,-64.61632996,-64.51609693,-57.10669355,-64.54038915,-58.33106612,-62.21614218,-66.00675087,-62.68764485
-1,0.22,0.15,0.146070603,0.091693592,-0.060577525,0.766594697,-2.381368152,-3.423824517,-52.31153308,-56.93832817,-59.1778786,-53.26809765,-58.11279583,-57.93611702,-57.19202265,-65.50341671,-57.81543441,-65.29576526,-61.22241324,-61.84137224,-58.78478206,-59.5594698,-59.14477323,-64.24426067,-56.76613861,-58.63034543,-55.17944905,-57.77264245,-57.7269177,-58.69764065,-60.97555123,-59.1415921,-66.48469791,-59.23943986,-57.82373818,-59.62943735,-62.82639561,-62.3206325
-1,0.47,0.21,0.296184064,0.126268563,-0.266728076,-0.571992079,-1.121603891,-0.707564708,-49.02094307,-50.66812488,-51.50141936,-54.96742468,-59.11552786,-54.93666089,-61.1078462,-56.89372109,-66.62983258,-55.30710208,-58.68616029,-56.96972153,-59.28233813,-62.59542422,-57.47627025,-53.77627292,-58.76840159,-55.73228253,-55.83119638,-55.27182468,-57.56478812,-59.2157856,-57.56913872,-56.63922072,-61.0121341,-59.37761007,-58.22035132,-61.44697505,-65.44866769,-64.61765904
-1,0.17,0.34,0.373007074,0.129212987,-0.11771574,0.612912533,-1.925114092,-2.091165403,-47.02703386,-65.50848674,-50.36120227,-57.79484454,-63.71242289,-55.5550909,-56.7152185,-58.55230734,-63.64237273,-56.63107887,-54.30521102,-59.26544315,-58.46051548,-61.74682502,-61.55722755,-54.7532666,-53.39142855,-54.49772648,-56.77541228,-57.70640561,-59.9203686,-58.43569398,-60.26409631,-65.99493063,-58.88002793,-58.24793861,-61.85011967,-62.96119155,-60.91056915,-61.59731235
-1,0.68,0.02,0.190689282,0.091599822,-1.336656456,0.112029496,-3.045678336,-3.414977237,-52.30980741,-54.47582669,-54.68533366,-57.8565451,-54.10479829,-58.88028057,-53.74892355,-54.72423033,-63.08346327,-55.30025921,-59.46193889,-57.30894902,-54.84215737,-58.3070873,-60.80092252,-60.89352537,-58.35166527,-54.59957625,-57.17351993,-57.53364251,-62.88671414,-62.07415892,-62.56913872,-59.13245095,-58.90322227,-59.70509544,-58.82721449,-60.11249275,-59.27110082,-63.50681335
-1,0.56,0.26,0.397522479,0.137289612,0.518479536,1.177578979,-3.515669922,-7.748232091,-47.00818898,-50.51154168,-54.70806522,-52.76212965,-67.96896231,-56.72629783,-56.23345573,-57.38954319,-54.93572556,-53.1838824,-60.42295162,-56.54010589,-56.60978942,-61.46345094,-54.23502505,-53.63998351,-54.37003399,-60.75479951,-57.48216731,-60.278213,-54.48225905,-57.30525739,-58.50179638,-62.2637654,-58.00321603,-57.43290935,-56.81214766,-60.15275558,-58.83837481,-63.14307628
-1,0.5,0.12,0.230597051,0.06758964,-0.550232761,-0.280151451,-3.360586834,-2.899541471,-49.32327782,-55.11697178,-55.4672456,-58.94884307,-57.57209394,-53.73032883,-56.86566334,-55.45300667,-64.31820747,-59.74795963,-57.00096112,-58.4317603,-59.32822564,-67.55215448,-64.86444584,-58.57667683,-59.69035968,-59.60460815,-63.66141412,-57.43553749,-58.38648953,-60.4984722,-61.54724972,-62.68711515,-61.32262972,-57.99202399,-60.27049632,-60.86100114,-61.28052617,-65.73223292
-1,0.57,0.19,0.40492862,0.091693592,-0.081180862,0.300844455,-1.977855746,-2.322797145,-47.94000562,-51.39495038,-48.96390553,-50.98050034,-52.59920158,-56.25551149,-57.13363449,-55.54850637,-54.88571661,-58.67323846,-55.38574392,-63.52047078,-57.0394124,-64.20803557,-58.34299311,-56.09584679,-60.08545656,-60.97265147,-59.98581646,-55.80636585,-59.48960924,-57.82063197,-59.86136107,-58.35864837,-57.18748138,-57.43029978,-65.47169705,-60.1511851,-61.07656717,-66.88789492
-1,0.37,0.08,0.35160222,0.112828946,-0.070117589,0.450663726,-2.651529643,-3.215501966,-47.46821285,-56.68478373,-56.75459135,-52.85937305,-52.67947014,-52.50836575,-54.05642562,-57.41629875,-56.4206862,-55.87000471,-56.76649997,-58.58486842,-59.74051928,-57.6118755,-58.57236352,-56.80474012,-56.17610582,-63.1893117,-54.61440121,-55.22900773,-56.87230564,-60.43726121,-59.05375453,-59.07715921,-61.28222871,-58.22456361,-58.27088285,-59.93709652,-60.31780319,-60.02422398
-1,0.85,0.1,0.383695919,0.118812073,0.132575341,0.335072001,-2.165326854,-2.827653319,-48.63424071,-59.98113552,-50.19531212,-55.86200372,-48.86112821,-52.17259594,-57.91753478,-55.18095503,-55.45578263,-54.3062839,-55.89035612,-54.5788908,-58.83972939,-62.48430789,-59.14409205,-55.6009106,-57.23950786,-55.26076375,-57.55998533,-55.19856377,-55.85488866,-59.89115828,-58.53936743,-62.11681466,-58.47557689,-57.27609694,-57.91252823,-61.89854596,-59.60120921,-63.8271435
-1,0.68,0.15,0.275417297,0.064450047,0.400354439,0.926708197,-1.577892964,-1.804419391,-50.39718365,-49.94957818,-56.48984629,-60.20796117,-52.09866698,-54.24715038,-54.72150376,-54.96083985,-57.45716054,-60.51507745,-58.16926276,-55.90128518,-57.56205247,-61.65647924,-62.18342677,-61.4011609,-61.04639384,-56.46733896,-60.5143315,-59.64381228,-57.92258526,-60.36835387,-61.06656922,-63.5881722,-62.87025319,-61.78361869,-59.3042627,-62.80376778,-65.10329853,-61.78021347
-1,0.64,0.14,0.17813898,0.113157799,0.27972539,-0.434093901,-3.145760529,-1.451593865,-54.49747871,-57.81338331,-55.80925466,-53.36565486,-53.55183066,-58.00493425,-54.00291416,-55.22606914,-55.41189481,-56.43709507,-56.20174495,-56.62026082,-65.66903764,-58.7943183,-58.29669239,-60.58989982,-55.67413853,-54.54629698,-56.14754015,-55.01239471,-59.92474818,-58.29589597,-58.11515582,-58.00471712,-64.99630299,-64.44538408,-60.47999312,-59.0896731,-60.84437128,-65.01601051
-1,1.23,0.62,0.415376335,0.222424276,0.517404077,0.646430711,-3.649109852,-0.861256951,-50.60031941,-49.61366094,-51.52364671,-47.82450026,-51.90037588,-53.43340335,-55.62742541,-56.06398874,-53.91182906,-66.94277438,-54.29013769,-59.80336817,-54.86496447,-56.78774098,-62.63575346,-50.51271853,-56.87952164,-53.04759015,-52.26796163,-56.44492834,-54.63103411,-55.18063321,-56.40117407,-60.48850551,-58.53198156,-61.71224187,-57.50784732,-61.26176339,-57.91096437,-63.71628806
-1,0.7,0.01,0.325911582,0.102316432,-0.526646712,0.257009872,-2.518762088,-1.685621168,-48.22186939,-51.7726882,-53.45891627,-55.61032031,-50.6423076,-55.76358376,-60.7158377,-56.95193689,-62.75347353,-61.37116644,-59.72047771,-60.46859103,-60.22277994,-57.6510305,-57.2092248,-52.83471639,-68.01599229,-59.22687543,-60.84555949,-57.95768347,-59.13901298,-58.80218465,-62.00856669,-64.05532354,-68.44055372,-59.78459699,-59.63374953,-66.09032235,-61.37285375,-61.65668245
-1,0.75,0.01,0.466675409,0.176014914,-1.268589426,-0.245637299,-5.456557464,-2.874412288,-48.05539223,-48.0558847,-48.28218636,-51.33397859,-53.86741713,-56.7827306,-56.70625398,-55.4086933,-58.12557407,-58.62603665,-57.03292383,-57.71509449,-60.0374006,-60.44163818,-71.44883149,-51.03421476,-61.61338771,-52.29129427,-61.87698131,-64.34919422,-57.20520681,-63.24483739,-62.03663782,-59.07589425,-58.57312605,-55.72494564,-61.37705061,-61.90260181,-61.27336065,-62.42196281
-1,0.33,0.44,0.48612627,0.182332704,-0.046868164,-0.494551032,-3.613319409,-2.619251168,-46.4856861,-48.47125681,-54.285214,-51.92103369,-53.5608856,-51.68866299,-66.34770531,-53.32165502,-62.11495157,-55.80491959,-55.19249894,-60.18490664,-55.77200566,-57.88400458,-56.83431717,-52.16951054,-52.62175652,-55.53488923,-59.92906246,-54.57293883,-54.41562691,-56.37403511,-57.04756298,-58.05916656,-57.81000014,-59.1645369,-59.87777113,-58.29091645,-58.29064023,-62.92573866
-1,0.81,0.12,0.28450186,0.111114735,-0.254778765,-0.502985342,-2.858800445,-2.822039962,-48.64546332,-53.71631902,-54.67984543,-54.47594495,-54.28361937,-54.95463008,-56.41492816,-53.75885712,-56.70983023,-55.75487481,-61.75080157,-58.58687526,-56.9275482,-57.60802443,-57.94642911,-55.13853426,-54.77656452,-55.85050581,-58.58214706,-56.97583911,-62.50247167,-58.49706613,-57.71306809,-61.02280712,-61.14153035,-57.17708648,-59.37647318,-61.32408541,-64.89861921,-60.75928072
-1,0.57,0.23,0.507163913,0.127853371,0.424396603,-0.723656753,-1.073912986,-2.031486542,-46.27609465,-49.35419874,-51.24737062,-53.71256979,-51.13679167,-56.17359162,-51.9022295,-52.76020198,-55.31640093,-54.969402,-53.03511181,-56.71651484,-55.9004842,-59.70606556,-58.20073177,-54.49883772,-54.73679339,-60.19758508,-55.79456236,-55.33612785,-59.80347045,-56.64392465,-56.64746902,-64.24516233,-61.41670653,-60.09399461,-56.29687561,-58.6065103,-64.55524829,-60.66429111
-1,1.13,0.42,0.514969659,0.157950744,-0.915574352,-0.378351578,-1.389037249,-3.17431664,-47.63961063,-47.43495945,-50.7407514,-52.05054762,-49.39539603,-53.25207057,-51.57714052,-56.8429241,-60.70975871,-57.49107437,-55.70714433,-54.58641112,-54.75149144,-54.88587304,-57.96237454,-56.15014511,-54.3216131,-55.3263241,-54.5316542,-55.20627807,-53.52485415,-55.22276493,-56.8143179,-60.8137175,-61.85473162,-58.73996083,-63.24881313,-58.56697897,-58.87772756,-59.0184001
-1,0.98,0.07,0.38250817,0.204258377,1.286708536,0.445376503,-1.544578065,-1.438593867,-50.19852923,-52.59031025,-51.23330957,-49.49971874,-49.3251062,-52.07788362,-56.72716618,-54.50761099,-54.21103241,-57.66251879,-55.15465987,-56.89894377,-59.79570823,-54.65157862,-57.38564375,-54.17754612,-57.03252537,-52.34541191,-52.52521273,-55.03654186,-55.38088511,-53.70012888,-55.15959471,-54.21664973,-57.8018518,-56.23434618,-62.9351231,-58.72636444,-61.83299156,-60.85725039
-1,2.07,0.45,0.509294472,0.155742927,-1.831911094,-0.134059344,-1.482437354,-2.915204377,-47.94064793,-50.24064148,-49.61345192,-47.9331581,-52.98749241,-52.23723658,-52.21820833,-54.0466132,-54.1671231,-55.22709822,-52.39384849,-53.58081403,-54.331019,-53.49210477,-54.13102968,-55.27951443,-53.86599744,-54.64506824,-52.98128475,-55.30682258,-58.17553989,-57.47355923,-59.85987935,-58.18992059,-67.77804592,-58.51104009,-58.65099056,-60.29909565,-57.47309485,-58.96437023
-1,0.89,0.03,0.440621786,0.149806842,-0.763529888,0.233588022,-5.089025366,-2.413508992,-47.8056622,-49.17633831,-58.66779019,-49.17071551,-50.58098855,-54.03700656,-55.01814676,-56.39635994,-56.84611133,-57.1473249,-58.84292372,-53.95282612,-58.94090494,-54.2739807,-56.38368709,-53.7740788,-54.20658285,-55.65820478,-55.50984326,-53.42571276,-55.6289591,-62.45515161,-62.2263146,-64.03448135,-60.71919179,-58.52671388,-57.84589834,-60.7232756,-68.48836061,-60.4173957
-1,1.07,0.15,0.550046074,0.118796044,-0.288405298,0.622023515,-2.590823655,-2.276927041,-45.69548947,-49.76260642,-50.56607138,-50.33660761,-53.28645708,-52.16787544,-60.07480208,-57.0573206,-56.1820269,-53.55173784,-57.55964565,-55.78671866,-54.37545962,-58.40431159,-56.49838374,-57.83447264,-57.20938371,-54.96555925,-58.12766712,-53.49828854,-63.87287112,-62.61800714,-57.6922253,-60.25756565,-61.76444075,-58.08784972,-56.91696964,-60.42328178,-61.63735986,-59.58006952
-1,0.94,0.04,0.585090805,0.151061026,0.066825851,-0.204590324,-2.198111504,-2.609709103,-45.01133352,-50.15831453,-54.04891103,-52.3392177,-52.21571543,-54.22829699,-63.33550523,-57.62662991,-55.01839506,-56.90879505,-53.83645361,-52.49422286,-58.4553479,-54.81274832,-55.4968783,-53.24671237,-57.38553541,-52.18130279,-56.28241961,-60.83798041,-57.15863927,-56.72654897,-60.2287007,-63.62068547,-60.25810108,-60.47171926,-57.03673013,-60.235922,-61.51488312,-68.06355634
-1,0.47,0.25,0.286290936,0.097647625,-0.215547979,0.412589557,-2.940870221,-3.161408519,-50.55855245,-54.3353032,-56.52610851,-55.99484538,-51.80211158,-50.71346812,-53.7457426,-52.44153915,-54.52226707,-55.38390633,-57.81539071,-59.55938197,-56.63995091,-56.45661298,-59.70356175,-59.47669578,-55.94989704,-56.79916153,-55.92783831,-59.29326892,-56.10446229,-56.96977885,-64.35469056,-68.10172051,-59.59007977,-59.43881289,-60.15930984,-64.96941683,-60.29950855,-60.22694957
-1,0.68,0.34,0.472070634,0.214578074,-0.349138726,0.530950636,-2.190666168,-2.816188851,-47.16578843,-53.00828786,-50.3712672,-50.45982751,-54.31659665,-58.87443347,-51.68983755,-50.12342304,-56.92657022,-55.60064196,-50.64404317,-55.09429077,-56.88046563,-55.48324091,-55.80371482,-54.2369881,-53.30149365,-54.83998711,-51.41436584,-65.06665865,-52.80892017,-53.74634195,-57.34582553,-59.13509592,-57.37899159,-55.01335276,-57.59580209,-70.79283711,-57.25809055,-58.33437802
-1,1.06,0.63,0.660226938,0.272459143,0.051888486,0.429115697,-2.028421432,-0.670981757,-45.89488547,-46.87692484,-49.69116236,-52.43601772,-51.67583777,-49.39314195,-49.73364218,-55.05211026,-53.34477946,-51.90189623,-56.07470813,-58.97613868,-54.01414873,-57.32579664,-61.05391607,-51.93351415,-49.66195569,-53.67514502,-53.61310519,-52.02603911,-57.28724513,-55.06132186,-57.00856669,-62.84644144,-56.68674807,-55.49019917,-58.5072534,-59.67644683,-55.89064462,-59.39381327
-1,0.95,0.02,0.409222658,0.114485517,0.005446815,0.538818428,-1.926164855,-2.882513319,-52.66419899,-49.84782947,-53.2921061,-54.35757963,-49.63279967,-49.98095236,-49.88191356,-53.51986125,-53.209407,-56.06509727,-53.54887769,-55.12374127,-52.7543522,-59.40132971,-54.29758927,-59.02061132,-58.4558923,-58.34949402,-58.8950458,-58.316952,-53.67287553,-56.62848822,-62.44874914,-58.07186046,-61.59409454,-56.19361745,-57.69557337,-57.86330901,-63.88470996,-59.72678094
-1,0.82,0.09,0.504702012,0.204389095,-0.134750168,-0.296563245,-3.865684146,-1.501500158,-46.68226512,-51.77562397,-51.32023947,-52.05258234,-48.35492353,-54.71731088,-52.16659299,-53.1150895,-55.07403242,-57.34247883,-53.88629108,-53.37201036,-55.81979362,-56.20448881,-59.2562103,-50.6714773,-54.59075568,-55.91528317,-56.8228838,-51.72450166,-58.46173221,-58.3421089,-57.58414836,-62.64610076,-60.79883605,-57.56958917,-60.34319968,-61.72501789,-61.06055884,-61.36034685
-1,0.59,0.28,0.50735181,0.19246753,-0.924428557,-1.099179882,-2.718603568,-1.055137865,-46.53007558,-48.47348522,-48.89331412,-54.45474414,-55.19325286,-53.52155295,-53.69151785,-53.99886447,-57.94913482,-55.49105393,-59.05518356,-59.27282975,-57.14879567,-61.14762078,-58.3719837,-50.81753637,-52.63463613,-55.20283073,-53.74152555,-57.03574208,-60.43119766,-64.27499521,-59.85987935,-60.78091449,-58.73649634,-60.18916176,-58.61907143,-61.78193837,-64.22116292,-60.78836054
