1,2.58,0.27,0.478741739,0.173511246,-0.680099353,0.09960544,-6.304227407,-2.67077776,-46.95003437,-58.59440838,-56.29783938,-58.76450025,-53.4010731,-52.28135344,-52.07483827,-52.89862656,-52.97760338,-52.79155101,-54.44157945,-51.84121855,-50.88782532,-51.12299336,-50.99116472,-51.47777124,-54.85027859,-55.01164476,-53.41754256,-57.40660149,-60.49530705,-57.00534325,-57.56141563,-60.8472383,-60.9669508,-56.67553911,-63.59923276,-60.8700234,-64.26860645,-59.51986279
1,1.66,0.39,0.545431219,0.20374976,-0.029018941,0.033089955,0.685142895,-2.09003825,-49.59658496,-51.62707273,-50.12734862,-51.84007542,-51.13248137,-48.65761412,-48.87500423,-49.8182585,-49.22566219,-50.9766401,-52.54536371,-54.4116806,-55.89509519,-57.08351885,-54.92804773,-52.98905981,-60.69458196,-50.54271924,-59.95366277,-54.91439392,-54.82361842,-62.05743131,-60.9073063,-58.16295888,-62.27348144,-56.10811879,-56.78034892,-55.95545067,-57.93782433,-57.54792815
1,0.08,0.22,0.377795828,0.149253023,-0.614859332,0.476305948,-3.598685702,-1.643713563,-47.31491693,-51.57790202,-54.8878761,-52.89909947,-53.70092636,-54.07536798,-54.86989173,-57.42448663,-56.01758077,-57.84457629,-53.52263977,-57.66786539,-55.32180407,-58.87369287,-54.89390098,-56.94325709,-60.93590753,-52.27364613,-54.57168699,-54.37488114,-57.60773338,-60.02144514,-56.12757921,-58.01056402,-59.90182644,-60.54899791,-60.75815693,-62.82410408,-59.2548397,-60.06864818
1,1.94,0.72,0.636751935,0.193696565,-1.187670985,-0.304363398,-2.089797967,-2.540580231,-46.15479775,-54.4543067,-50.59601497,-51.59075877,-53.14588318,-50.10551488,-52.10226261,-49.50598696,-49.95769668,-49.48322516,-49.88664232,-50.03247141,-55.17691591,-52.59476694,-53.19334791,-55.85464166,-52.42963313,-55.94273035,-52.94923573,-57.88066412,-65.34016978,-56.72625918,-55.0145678,-54.77763743,-54.93281737,-54.75165983,-55.77640958,-55.91265598,-57.94967408,-59.9668574
1,1.59,0.27,0.517251979,0.119894159,1.428350397,0.423364695,0.065931812,-2.601961468,-47.62639902,-51.99091782,-49.30611786,-54.22799465,-51.16876472,-52.364988,-53.37904057,-53.36586705,-51.68743167,-50.08912255,-50.04997233,-53.39777574,-53.16205122,-52.28774423,-54.23934929,-57.52517085,-59.79473431,-55.4953988,-53.73543852,-55.02629287,-61.5736941,-57.44678968,-58.94513335,-61.39186753,-57.97220413,-58.59595224,-68.87531787,-61.77397742,-58.61007259,-63.58120014
1,2.9,0.17,0.572185281,0.168311641,-0.281231784,0.283901617,-0.643909463,-2.814998551,-50.44395041,-57.72002907,-57.52459795,-50.02082455,-48.64469536,-49.14128744,-48.8850492,-48.86684705,-50.47887179,-49.39802444,-50.74717972,-52.80407882,-52.92429239,-55.64510532,-56.1473982,-53.8344787,-56.75973959,-51.82326277,-57.13534665,-55.42252796,-58.66062002,-63.08291769,-61.49945309,-62.76130919,-58.62784685,-55.89922909,-55.52160474,-57.05214237,-59.01820147,-56.91868893
1,3.08,1.12,0.592346697,0.22179576,-1.729117325,-3.084588884,0.843594598,4.247771526,-47.30572968,-58.42096333,-54.58445703,-55.56225959,-52.38344377,-53.92369297,-52.81848188,-51.58724352,-49.70362661,-49.04663381,-49.42693642,-49.39895063,-49.74741183,-51.29505733,-50.20333857,-54.0093318,-54.88143114,-53.30442069,-51.84446498,-53.2807976,-56.65101833,-58.74336033,-56.39365668,-54.10794386,-55.2328359,-58.52942472,-57.11315484,-55.3044883,-55.87141519,-55.13637699
1,2.91,1.4,0.480200154,0.220382303,-2.356871632,0.196985611,-0.900680589,-4.061941512,-48.80814447,-50.92134482,-52.79555776,-50.85181101,-56.3738818,-53.99284373,-53.47089747,-52.0322831,-53.9254754,-50.98687265,-52.87625569,-50.15095111,-50.96547872,-50.39749422,-50.97233687,-53.31079412,-58.75975268,-53.67733312,-55.70720623,-63.9326555,-61.07018031,-56.81151734,-58.38155641,-57.90978372,-56.43384842,-57.08726652,-53.18275987,-52.6693385,-52.8635557,-53.36067165
1,3.26,0.65,0.640916092,0.153774134,-1.255258224,-1.830313818,-0.421524484,-4.430528265,-49.54620354,-54.03860579,-52.09335391,-50.72031546,-49.2587514,-50.18149982,-48.49507572,-48.26123255,-47.75475414,-48.94453291,-49.75569883,-53.38174877,-53.45867992,-53.69034946,-54.84052343,-56.33268557,-53.52720812,-55.65165405,-58.69670669,-57.53756628,-57.39026853,-56.98488988,-54.64834242,-56.6375598,-55.41866564,-56.45531782,-59.84625602,-56.73610821,-56.33575787,-58.31482398
1,2.71,0.5,0.542837507,0.13209697,-0.013781972,-0.34189996,0.35023528,-2.231210867,-48.82803446,-51.78147732,-56.36162585,-51.50522491,-51.62908076,-49.4480679,-50.20368268,-48.43105696,-49.49663462,-49.49558534,-51.12075425,-52.72163336,-55.16608734,-61.10831194,-57.58108425,-58.53728913,-54.93398543,-63.64790158,-57.51449045,-58.40720955,-56.25923386,-58.38900474,-54.78762621,-58.99634674,-57.0900838,-57.04664842,-56.86940515,-60.17715457,-56.02445489,-57.27699063
1,6.14,0.24,1.024026214,0.194381029,-1.67154548,0.27215696,-3.04156355,-0.827499399,-46.41311509,-54.11800197,-49.35464037,-50.83760388,-50.336214,-46.41183455,-47.77969789,-47.3965442,-46.684329,-46.67670763,-46.79904698,-48.00922259,-49.47512496,-50.38570289,-50.47573952,-53.68309649,-56.84860611,-57.87478877,-54.00261643,-53.88702164,-53.5585723,-54.78981253,-56.6420774,-57.59481475,-61.56472272,-56.67104651,-54.21914151,-56.26595344,-54.90539767,-55.73892546
1,4.41,0.24,0.716784268,0.147699812,-0.840831962,0.641185386,-4.304156906,-2.358875991,-47.76357069,-57.39574835,-52.2193066,-57.7396722,-52.05797011,-49.52724044,-48.99553327,-48.40603293,-48.01352818,-48.17219043,-48.30817031,-48.90927252,-50.23321294,-52.21967407,-51.58924639,-53.91525143,-54.00197783,-56.14270781,-55.2661891,-56.73678528,-59.33207399,-58.36819735,-55.67238501,-57.40087164,-58.50356295,-56.51536687,-56.05839361,-60.57972355,-61.50866239,-59.66663196
1,4.66,0.15,0.846035273,0.185485006,-0.991101393,-0.042472881,-5.707622584,-3.550362016,-49.09911171,-53.60995997,-50.47099942,-50.57664332,-49.1939141,-47.67389412,-49.27552079,-48.24215571,-46.83891652,-47.0446523,-47.31390436,-48.46103106,-50.17693748,-50.80538508,-55.61417309,-53.84116155,-54.23046541,-51.24531347,-56.76801749,-54.15728294,-57.9953504,-57.55638017,-63.50179638,-55.86652198,-57.34103742,-63.44353707,-61.99840795,-58.03902668,-58.79421472,-65.28687726
1,2.83,0.02,0.812026725,0.2668911,-2.610445922,0.512420553,-5.632065035,-3.0774773,-46.43077173,-47.47135367,-49.52198675,-51.24592077,-48.24263223,-49.83473736,-48.47584256,-49.77213628,-48.73245383,-48.43368993,-48.66220556,-49.68852578,-51.13292677,-52.58346804,-55.93876335,-50.05134667,-50.73095477,-54.57453245,-55.76466103,-54.65509168,-56.18942845,-58.59473295,-57.1922276,-55.05276804,-55.68584048,-54.00424924,-55.7318635,-55.70671455,-56.04180763,-61.11294521
1,2.99,0.56,0.531585097,0.217592473,-2.437048506,0.427071687,6.504759548,-1.091147,-48.44003437,-55.80179674,-53.6271009,-58.68922996,-52.60789693,-51.03881274,-53.06275148,-52.19582947,-49.87104848,-49.50509427,-49.5730912,-49.74978112,-50.76640558,-50.57359609,-52.10256829,-56.42008233,-51.64057407,-58.68896606,-53.98426006,-55.51465633,-54.20050166,-56.51715215,-56.33735938,-56.52506539,-56.62862546,-54.16332321,-55.22082805,-54.30763193,-54.62457607,-54.88324269
1,3.66,0.13,0.764681753,0.22818578,0.441517293,-0.006257181,2.982125523,-3.46990144,-49.66437949,-50.84755285,-50.02965302,-50.56223811,-48.06626992,-50.14022148,-46.71319437,-49.48953833,-47.33378708,-49.39150209,-49.44776128,-50.25442942,-51.138304,-51.66112785,-50.76124208,-52.1645635,-51.52699115,-54.54302666,-52.89243413,-56.2652268,-54.57962788,-58.11202256,-56.88843678,-57.02979599,-59.27198794,-58.46672273,-54.05358106,-54.14214497,-56.68185385,-62.10476931
1,4.23,0.1,0.894723628,0.218059625,-1.154386779,0.148390809,0.968659827,-3.047144811,-46.19303244,-50.56174942,-50.38969424,-49.70349095,-48.58180588,-48.24024356,-48.31477177,-47.14107591,-48.43155583,-48.03669991,-48.06949935,-48.71393077,-49.7710338,-50.70085068,-51.53021764,-51.83476066,-52.01343974,-52.4645456,-55.00653644,-56.37859251,-53.8394719,-64.30993177,-58.96858783,-57.01889792,-54.97565832,-57.69675778,-56.13918494,-57.17751746,-60.41859746,-60.52361521
1,4.42,0.49,0.800156174,0.245743252,0.520417371,0.616767919,0.96900675,-3.581792152,-47.89727572,-50.09934296,-49.19771892,-47.41080514,-48.05826512,-47.8437576,-48.43286993,-48.46146216,-48.98135763,-49.00325057,-49.26304877,-49.86887715,-51.716272,-53.81130029,-61.02514953,-52.25722183,-52.81618142,-50.33849421,-52.24160436,-55.53506739,-60.76991299,-59.83821171,-56.81686979,-59.04796163,-57.38984739,-58.91825603,-54.59263815,-56.52273979,-60.72837903,-64.2320283
1,3.18,0.17,0.617018727,0.256454187,0.235505105,-0.110226625,-1.107245551,-3.235892934,-47.01120405,-51.20471413,-59.60554254,-58.33952302,-51.60163182,-49.42668018,-51.81991731,-48.79293388,-49.39534417,-48.84967039,-49.04651269,-51.91577433,-52.92102596,-53.92963311,-53.72693387,-53.35788297,-53.20459455,-49.5567482,-52.62206668,-56.54843282,-56.80486147,-55.36012548,-56.65964933,-66.20169241,-57.06558741,-60.41058916,-56.08947585,-58.00353919,-58.27165675,-55.25214505
1,2.39,1.1,0.639902336,0.285886095,-1.195353246,-0.584676545,-1.510920695,-0.309660168,-46.44037421,-69.09123654,-51.30790339,-52.97934896,-48.9548957,-49.64660532,-49.83055146,-49.44250313,-48.68460258,-49.90049492,-50.24853709,-53.96279748,-59.47926164,-56.89208388,-55.15442388,-52.47733476,-49.88441628,-63.36183355,-53.84314913,-51.64261492,-56.11046865,-53.59082561,-55.15551747,-54.9841154,-54.22084419,-53.87894081,-58.28350601,-54.3537072,-56.86991832,-57.31270774
1,2.53,0.09,0.604445688,0.155658882,1.08655388,-0.043801226,-2.998508784,-2.27203581,-48.39381324,-53.67674915,-51.72844293,-56.33591062,-50.3215194,-54.4638993,-53.10293334,-49.4891387,-49.35715638,-47.89351921,-48.53542878,-49.54879068,-50.6362587,-53.15622549,-53.80962924,-53.34819119,-53.39527959,-59.11263861,-53.71671328,-55.36118516,-61.54288992,-56.70780225,-61.3443906,-61.12254142,-58.64093823,-55.81043329,-58.08356614,-68.92822916,-59.7911348,-60.70590498
1,4.64,0.25,0.854550092,0.268127185,-1.702759555,-0.918998652,6.191713446,-1.692929149,-46.76408881,-52.94000094,-52.27977539,-51.62590277,-50.11276554,-50.18138492,-48.56881634,-48.65638411,-48.17316506,-47.81549634,-47.02065711,-48.19719371,-47.95111548,-49.90795215,-50.81511294,-50.2601057,-54.92739926,-52.35627986,-52.26427973,-58.66560121,-52.15343425,-56.1874548,-54.41684232,-54.72685356,-55.1795832,-54.9454433,-60.41662289,-55.99381597,-58.97733517,-58.24185264
1,3.55,0.04,0.720503025,0.231944902,-0.602128721,-0.761828849,-1.385943262,-3.853633003,-48.30266041,-48.27573152,-52.75168153,-49.18806565,-49.4596596,-48.51698239,-48.4023255,-48.65121628,-49.81420682,-49.22815865,-50.18882114,-51.12578911,-52.21084949,-50.82818563,-51.38920142,-52.45360769,-52.41485664,-51.34435956,-53.59364702,-53.61512966,-57.83507737,-55.54050787,-56.17455646,-57.85666292,-61.57501705,-54.66407962,-56.79588178,-59.39895714,-56.84298704,-58.35434431
1,4.46,0.43,0.88747095,0.242952019,-0.972755799,-1.297659498,-0.649901266,-2.110054262,-51.23834637,-49.41994566,-50.9038394,-48.6787027,-48.17491637,-47.52716295,-46.90590667,-46.95611771,-47.18577351,-47.70312823,-47.76325096,-49.71690591,-52.09648113,-55.45461142,-53.9100897,-60.68401264,-54.16331814,-51.41198715,-51.97598415,-52.6642381,-52.36012696,-56.32833342,-55.16385,-60.24935163,-57.89821607,-55.96429426,-57.00058408,-56.41015865,-56.67739885,-55.03598442
1,3.76,1.01,0.72312581,0.20865431,-0.541299849,-1.837659202,-2.109680701,2.569918335,-48.71404878,-50.33049233,-51.32372211,-49.74234823,-48.85030457,-48.19036359,-48.03092095,-48.69860935,-48.61478651,-48.65180724,-49.05685158,-50.54211685,-51.20766237,-55.19566197,-55.72830878,-53.72104111,-54.1324075,-54.76889183,-56.00780612,-58.36240591,-62.00684165,-54.10630067,-55.39671142,-54.32656361,-52.96492783,-56.82395969,-56.95065387,-54.9379552,-53.77513057,-55.46013944
1,3.72,1,0.619729969,0.197435709,-0.901417109,-0.15066402,-4.893227295,-1.160285069,-47.09641026,-53.54799749,-52.18410189,-53.71086361,-49.93609122,-50.25339335,-49.83864601,-50.2339734,-49.82660949,-49.645438,-50.40115361,-49.93979182,-50.66104285,-51.17870695,-52.41662083,-52.33211182,-54.64635385,-57.48366331,-53.00704792,-53.92754497,-54.54984709,-57.2363715,-57.52725063,-55.33012875,-56.77000619,-57.03102532,-60.5788915,-56.59700117,-55.86773142,-58.42264488
1,4.45,0.68,0.744416456,0.188082429,-1.558508069,-0.201064482,-5.14266241,-3.132626154,-49.96834319,-50.41224738,-51.93892018,-49.58119097,-49.58944031,-47.67280309,-48.24020697,-46.99466604,-48.66342902,-48.3633331,-49.26595456,-50.00041726,-52.92912183,-54.44533733,-56.96903745,-54.09537648,-60.07706425,-53.33861474,-51.71876314,-58.18589199,-56.50309812,-59.35036003,-57.26632239,-54.59274057,-55.69570374,-61.33967131,-54.74299018,-57.56127023,-59.44970582,-60.46343463
1,3.29,0.03,0.647261584,0.216417701,-2.061913119,-0.427386551,1.721663163,-1.713018572,-46.98504057,-55.95902119,-53.06020168,-52.79110124,-50.89011634,-50.55269671,-49.90443274,-49.36947155,-48.47255583,-48.99724159,-49.94625883,-50.00231158,-51.72805315,-52.02705838,-51.12897795,-52.62132238,-52.59832105,-55.85681898,-55.35016084,-52.17043943,-53.98581389,-54.41784365,-55.76005107,-58.03402932,-57.98205066,-62.63852416,-56.08552252,-58.31384788,-56.04968324,-56.8614854
1,2.82,0.34,0.600061195,0.189086775,-1.18282018,-0.663040461,-5.416448225,-3.36320353,-46.34461478,-50.2707362,-55.18134602,-51.63985136,-53.85655442,-51.4108899,-51.5100283,-48.97334867,-49.98289163,-50.72036133,-50.80795429,-50.93420595,-53.45545627,-53.09095569,-53.39416555,-52.15652287,-55.47526885,-54.10351437,-53.76850532,-53.84378584,-55.75533334,-60.26099579,-55.25786028,-59.2695316,-56.70720895,-59.21274309,-55.28797393,-59.28530018,-58.10432362,-59.09396981
1,4.42,0.06,0.892382477,0.1660334,-1.88943971,0.955195912,-2.415675353,-2.10653278,-47.31439312,-52.53809869,-49.42435031,-48.26404816,-47.42523127,-47.19104332,-46.72752139,-47.54345023,-47.62202628,-48.00848901,-49.57698274,-51.82613118,-51.68114597,-53.35883413,-58.04872259,-57.74810889,-52.11587294,-58.94682315,-58.15523005,-56.94651876,-56.7409998,-55.99165295,-55.67820695,-56.92036514,-55.0051855,-55.93692769,-57.71093784,-60.68477784,-60.69066697,-55.13631372
1,3.28,0.73,0.618232028,0.204922813,-1.303716269,0.156864159,2.975946734,-2.910544124,-47.74754942,-56.4621527,-50.82213468,-50.79839272,-51.38123428,-49.34164918,-48.53287913,-48.84631738,-49.90306749,-50.85294275,-50.29822046,-50.68484421,-51.48523593,-52.56821487,-52.77808672,-54.46835325,-54.51942508,-52.00195222,-53.57546202,-55.00871704,-61.8293712,-54.40371708,-55.28129334,-57.45163401,-56.95205892,-57.03662472,-57.22106392,-57.14369083,-54.85780905,-56.50765227
1,3.77,0.26,0.763491607,0.199388714,-0.483118732,0.283295312,-1.864039961,-3.023174671,-50.6703835,-49.91460823,-51.54089565,-47.95519668,-47.91979249,-47.16401659,-47.65330308,-47.1534606,-48.23216987,-50.43765236,-51.52797424,-54.9720534,-55.99422715,-55.70615709,-55.62942756,-59.20669314,-55.84214283,-51.7122898,-52.61223347,-60.02878329,-58.2356165,-55.7879859,-57.7219042,-54.32909433,-56.0529007,-56.1217221,-56.14939119,-59.75468519,-53.83688526,-60.66973634
1,1.43,0.1,0.437380229,0.202368543,0.159133114,-0.400252903,-4.195349173,-3.135201112,-48.62736351,-51.98106841,-51.76198962,-54.41116613,-50.36419587,-55.07399652,-49.97422345,-51.39074692,-51.58773159,-52.06416104,-52.30322861,-51.82143623,-55.62131394,-57.95560227,-57.05271828,-52.66557045,-54.97131237,-52.11862862,-55.52668673,-57.02453947,-58.70964485,-54.77331385,-55.21069459,-54.21715898,-55.8922213,-56.00592323,-56.15505615,-55.55054262,-62.99300458,-61.82846148
1,3.4,0.66,0.63326527,0.174771894,-1.911272513,-1.247594795,-7.709029313,0.600396289,-48.40321296,-58.45612442,-53.09548932,-49.99882113,-50.71851183,-51.4039875,-50.77004628,-49.40781432,-49.86595546,-48.65801812,-50.10838486,-50.11562028,-49.27786621,-49.93405176,-50.47432146,-55.1091868,-55.03029183,-53.27478042,-53.43211802,-54.16353895,-59.38263365,-64.39710546,-60.63692987,-55.79429756,-55.43181776,-56.41767782,-55.73164452,-59.73068663,-58.53794718,-57.58520975
1,1.41,0.17,0.455274213,0.144216634,-0.501601119,0.04227685,-1.257296688,-3.134499004,-49.65606352,-51.37886823,-53.42549022,-52.68355584,-53.38538374,-50.14397221,-50.86282606,-50.26688157,-49.45590745,-50.46069641,-51.98327326,-55.15299621,-57.22082514,-57.04716488,-54.72714759,-56.97598799,-54.68157042,-52.78070284,-56.80468827,-53.67578347,-57.98343871,-60.06449939,-59.04051069,-58.86530337,-66.37207791,-59.06415536,-60.53651662,-66.95271,-65.83427494,-62.45827857
1,2.29,0.23,0.703309629,0.178730058,-1.347557251,0.11081016,-4.579108853,-2.890985366,-48.17530122,-49.34090527,-50.67390738,-51.6189044,-49.98485265,-47.50005929,-48.38541686,-49.48998801,-48.39960783,-49.57655694,-49.26873181,-50.72730045,-51.57509306,-54.933696,-63.56693319,-53.86341162,-55.61567773,-58.37235818,-52.03300805,-55.09096664,-57.75027709,-59.40420818,-60.29283416,-57.48018607,-53.92662568,-55.08654475,-58.62573253,-57.82967993,-56.87007614,-67.12408846
-1,0.28,0.12,0.447475122,0.162509315,-0.416020966,0.204544009,-2.925278553,-1.440971743,-46.15879355,-51.57632275,-53.08509495,-53.9648359,-54.66111847,-52.96613239,-56.64043862,-56.78177232,-56.12353845,-57.32883389,-57.61410854,-55.95785017,-61.36383464,-60.60547314,-63.91675286,-55.02995915,-54.50680925,-57.70266592,-51.38317791,-55.9413761,-55.97235877,-66.46864484,-61.43731802,-58.50768792,-61.82782555,-57.43054041,-61.99637349,-61.88521937,-63.74981463,-66.47747845
-1,0.14,0.58,0.318717523,0.308709353,0.0159815,-0.29394209,-3.876933662,-2.817803938,-47.32644213,-58.5609322,-59.05974649,-55.12881902,-58.42237004,-64.497039,-57.75409114,-60.24809685,-55.15786068,-65.35807813,-62.73287721,-58.31384564,-58.37563116,-60.21678766,-61.37309488,-48.96162289,-51.53168637,-49.79038524,-53.84048206,-57.27893657,-57.22004128,-61.7262118,-59.78562129,-57.36733429,-61.44396449,-58.19789879,-59.73750837,-65.66962272,-60.89988102,-61.79531225
-1,0.52,0.39,0.369888074,0.312907079,-0.187034155,0.810268981,-3.836956652,-4.834096566,-47.80079701,-50.73474681,-50.67049908,-51.56819797,-54.82042079,-58.02098604,-62.53512208,-56.73912338,-65.43940995,-54.90016623,-57.16402143,-57.33788975,-60.24017468,-59.60949365,-58.22793931,-49.40785319,-50.83117736,-49.75598713,-52.91455638,-56.52687595,-63.43468362,-58.33271592,-59.19737528,-58.74785805,-56.66084041,-57.6576785,-55.84314522,-61.04371695,-59.61127017,-63.26035262
-1,0.5,0.03,0.366969084,0.122493622,-0.348802581,0.200502632,-3.477043242,-2.123802416,-47.02903088,-51.40874909,-59.62013833,-56.13741959,-55.92784419,-62.23584793,-56.83164271,-55.60266986,-57.6996174,-55.55709195,-54.57704921,-63.34902248,-56.20846731,-61.08907274,-62.72640867,-52.61412817,-55.56744743,-59.17054291,-56.32415638,-58.46821516,-60.8334757,-57.63249874,-59.35469056,-61.94808144,-60.57921335,-58.70276346,-60.7640389,-63.88770026,-64.96286078,-62.68935629
-1,0.44,0.21,0.388292411,0.281194265,-0.302315262,0.027531862,-2.312780677,-2.180724911,-46.74298868,-52.73599813,-57.13240761,-52.46060286,-63.57570387,-53.25799385,-56.41269992,-58.8509755,-57.43039839,-56.53807207,-70.76627618,-55.78729314,-60.74035375,-57.5325048,-61.40687483,-48.41382933,-58.82284783,-50.90578121,-57.48928699,-56.94200691,-61.31406403,-57.32089626,-66.04345457,-59.42156033,-63.06719703,-59.19732289,-57.29054798,-65.6581511,-70.39371077,-59.94025789
-1,0.39,0.24,0.304422962,0.253924663,0.373449263,-0.080913569,-3.689416051,-2.291521691,-48.23911151,-52.92592166,-52.35770618,-53.32733826,-59.78173375,-54.02107532,-61.09317577,-54.93569304,-69.5931117,-61.48424496,-57.32158859,-57.40440295,-57.62130593,-66.63319204,-61.81108015,-53.88171003,-49.01483894,-54.50948775,-52.48194449,-57.76053335,-58.40713666,-65.55628657,-59.26501405,-58.81700324,-55.2120719,-63.27967741,-58.32596336,-63.72475743,-61.25747233,-61.19410812
-1,0.47,0.29,0.392618911,0.205288478,0.667051036,0.650998557,-0.734107367,-2.134038849,-46.98173779,-53.64479969,-50.3433114,-55.03203297,-60.11357719,-54.36264213,-55.62774351,-52.99944054,-56.07082891,-59.04543783,-59.19209226,-62.46657067,-64.43714717,-60.13293894,-60.26411072,-50.96703538,-55.57557135,-54.35412258,-52.47922659,-52.82051832,-60.64470979,-58.45096839,-59.84511741,-60.52172401,-60.82573413,-57.49876588,-58.24201366,-60.80266649,-61.74525194,-62.07480073
-1,0.42,0.22,0.230986125,0.138956772,-0.430749601,0.219938325,-3.154087238,-2.059066026,-49.32488663,-56.59193946,-62.09105512,-54.02527421,-54.92693547,-56.24113052,-58.51671178,-58.91137672,-55.18215564,-57.04914656,-60.5103672,-59.95455474,-57.01691083,-60.45261131,-59.33184628,-54.36330454,-53.80749929,-53.30647885,-56.58686229,-57.31765726,-59.24711659,-60.95666667,-59.50031868,-59.88532028,-61.52787461,-57.81984547,-58.00659697,-65.05076311,-60.46355679,-66.92113324
-1,0.12,0.35,0.161288452,0.149571001,0.059513448,-0.271213149,-2.897154667,-0.995242655,-51.06128647,-55.88524514,-57.92317952,-57.41960903,-57.00758708,-61.90384761,-55.09465786,-62.50810972,-58.46777861,-60.83906225,-64.37444649,-63.90201179,-59.17554377,-60.6997599,-57.78892907,-57.23092688,-61.21716527,-52.44978513,-53.55717894,-54.66991352,-56.58101004,-60.00461721,-62.84954058,-59.35405383,-61.09381819,-58.14366087,-57.60450398,-61.6845056,-61.27277071,-60.10852219
-1,0.34,0.26,0.167002234,0.174408599,0.252171812,-0.791545305,-2.4166654,-1.747532296,-52.17820679,-62.58925158,-53.16590022,-55.45901727,-53.6958345,-59.87045213,-60.29188543,-61.38885916,-60.08318692,-58.20697825,-63.19238845,-56.68805086,-59.41835645,-58.9339265,-57.12173175,-53.66164978,-58.12243243,-51.32887776,-54.57816689,-54.86265704,-61.00509158,-61.67732699,-59.13389944,-56.90358858,-59.95285861,-59.12867693,-58.96934792,-58.28593447,-59.26135712,-61.49400003
-1,0.58,0.18,0.210328751,0.164985499,-0.205380271,0.576680611,-3.641720061,-2.388340731,-51.51385646,-52.15182505,-55.31507232,-61.58501806,-55.44312798,-56.46856737,-54.89105705,-57.3612377,-53.90346375,-55.88785382,-58.2003578,-59.12161211,-55.4686977,-59.45393572,-56.51862194,-53.93730507,-55.25960329,-52.99249803,-53.67505,-58.88207523,-53.61130137,-63.59506001,-60.13928461,-62.22965057,-60.63595615,-58.27168658,-56.40654092,-59.28357976,-63.76409587,-60.69859228
-1,0.23,0.04,0.155761424,0.108395615,-0.458193809,-0.275950804,-5.47269906,-2.545292804,-51.15441414,-55.63393483,-57.18993367,-57.90787633,-58.36468684,-56.65827107,-60.81038731,-58.0376299,-57.78850518,-58.82729071,-60.43595439,-61.68670352,-62.37204856,-59.73440756,-61.18261727,-53.7265773,-59.25075331,-55.94996904,-56.08675295,-60.29044933,-61.7420556,-61.28974486,-59.0466132,-71.74586254,-61.30066424,-58.48199413,-58.78604998,-61.19681406,-57.33928424,-64.89787011
-1,0.95,0.3,0.242760612,0.130050696,-1.6510988,0.283178766,-7.500374257,-2.67715605,-49.89658623,-55.50845512,-56.01517052,-56.17800386,-55.07531559,-54.32437629,-56.87202753,-58.80310728,-54.88147175,-54.45293742,-54.18202728,-55.47714137,-55.15566298,-56.04050493,-58.68730264,-56.59038728,-60.58961992,-56.45881241,-52.9007261,-56.0530569,-57.25002522,-56.60193455,-60.91692524,-59.65456465,-57.3086819,-60.3126836,-61.10050796,-58.43861702,-58.63796035,-60.30336816
-1,0.48,0.06,0.269637887,0.126546295,0.272170325,-0.578203427,-2.481804294,-2.284826097,-52.57525039,-50.02740575,-53.71272885,-52.86484745,-53.60194,-55.23438342,-57.1029868,-56.00974049,-58.67517277,-53.42466259,-62.22884582,-54.81735795,-61.42386557,-54.05720222,-57.55577648,-55.02268934,-56.43757638,-56.82884595,-54.04077085,-57.59081483,-54.99634837,-61.99024847,-61.91498787,-61.40306655,-59.30333142,-61.14149252,-57.20764845,-60.4916219,-58.6311556,-59.70798356
-1,0.66,0.07,0.251529695,0.185590275,0.867293798,-0.165606166,-1.565694615,-2.44038683,-49.25056711,-52.6285802,-57.70462711,-61.69763574,-56.70450712,-53.75369078,-55.45789437,-55.84346964,-55.71756419,-60.01820752,-57.92497769,-65.10256203,-55.90190394,-61.12436106,-60.40787362,-52.24072523,-51.8983722,-55.09744829,-52.81483596,-56.3916364,-60.68253727,-60.15900508,-60.00694636,-64.57956429,-58.36809373,-60.95836149,-65.15597681,-58.78295895,-67.2291363,-64.39910877
-1,0.46,0.14,0.212531018,0.147817455,-0.496793496,0.389999553,-4.054390827,-2.611505441,-49.76942011,-56.7026986,-53.72063631,-58.27787121,-55.63021157,-55.80509338,-56.82067979,-60.04693778,-58.37246842,-62.91532086,-64.17623361,-56.57566887,-59.01827319,-60.61271368,-57.72778112,-51.65498186,-57.25141772,-55.9253228,-56.23888688,-59.14205814,-61.48264743,-60.30075701,-57.74080119,-57.03798143,-60.63744434,-56.24466318,-58.06689165,-63.07959759,-67.30459404,-62.59058867
-1,0.25,0.23,0.180831143,0.121413791,-0.032328586,0.088853099,-2.381125784,-2.427519529,-50.33962518,-56.06935024,-57.83631707,-56.62310638,-56.25442937,-61.48517089,-56.66261406,-59.79135456,-61.51785401,-57.10114694,-58.73175311,-58.61118942,-58.97049185,-63.38836669,-59.91472296,-54.99058804,-53.99328745,-54.25480658,-57.72419152,-57.9511442,-59.81800916,-60.60145892,-61.51209634,-68.18939872,-60.92257248,-62.65281594,-56.98947372,-68.25467481,-61.28433113,-59.06565232
-1,0.41,0.24,0.369606923,0.254668136,-0.056047986,1.066203886,-4.634057178,-2.343418279,-47.52931449,-51.55164906,-52.31742393,-50.69855621,-67.18506105,-54.4180566,-55.73570297,-61.49945309,-59.36794607,-57.37325588,-56.65380698,-58.10453167,-56.12222195,-58.58497069,-62.45457775,-51.28588143,-52.6254205,-50.84060011,-50.68448833,-58.43087102,-57.41117116,-57.54965473,-59.83924062,-59.67038475,-60.11888352,-59.70808388,-64.60976264,-60.88875684,-60.06751885,-62.74496289
-1,0.87,0.42,0.520763318,0.218703567,-0.247777395,-0.699374528,-3.53965523,-3.398535184,-45.93907185,-52.16899712,-52.06244551,-50.59662858,-50.58012455,-53.90303806,-53.10676004,-51.84273952,-55.88439823,-56.0515447,-53.79351111,-55.95782236,-56.19750269,-57.01108763,-60.2747687,-52.04348795,-51.60762663,-52.31242963,-54.49626932,-53.85747746,-54.90868459,-55.32899252,-60.20599913,-59.8713904,-66.21987434,-60.1904031,-57.94325901,-62.14489746,-59.45846665,-59.71757787
-1,0.25,0.21,0.282839778,0.161882239,0.455071925,0.33549574,-3.309724746,-2.56556053,-48.68145343,-52.03474749,-56.10802111,-54.85661256,-53.20268765,-59.62394343,-55.67115428,-56.57546158,-55.3389807,-60.44508324,-56.15047077,-57.12901467,-64.38917811,-57.90710318,-61.14549043,-54.11680045,-53.66362529,-53.09133141,-58.30032122,-54.84680602,-58.41246139,-55.65581423,-58.50179638,-59.9219236,-58.88878769,-55.62619867,-58.54210419,-62.27307418,-58.08751058,-63.62276103
-1,0.21,0.11,0.275271883,0.107365013,0.349599953,0.186862208,-3.949876454,-1.521285578,-48.48721154,-54.17907091,-53.11323672,-53.74776201,-58.79168282,-55.91035609,-55.43885658,-59.28765735,-69.93012733,-58.5767288,-57.94796959,-60.59224378,-61.71060123,-60.17963505,-60.78230982,-59.56746942,-55.32553707,-56.57595157,-56.5646297,-60.97644077,-54.40278458,-62.41924569,-63.26905,-57.89741408,-58.0437945,-60.03036961,-62.35922247,-59.00399089,-61.22070609,-62.94203939
-1,0.03,0.13,0.189859117,0.13078937,0.454086869,0.211637361,-2.484255744,-4.428440776,-51.3793047,-53.31828696,-53.61633047,-59.06920665,-57.63383717,-54.72104372,-55.72634742,-55.542413,-57.28469289,-59.35278703,-60.47225212,-69.94942595,-58.79218954,-60.76061163,-58.83046382,-51.92164994,-58.63521278,-54.64633767,-57.59196957,-62.89149204,-62.92684837,-58.92906147,-61.60603,-62.92605273,-66.58907688,-58.45970149,-61.56007136,-64.43295291,-64.66850615,-66.50944531
-1,0.23,0.14,0.118110118,0.115535438,-0.010355745,-1.351257841,-3.825348622,-3.19488339,-53.50600195,-57.61620567,-60.16924715,-56.6660165,-57.63935865,-55.12946779,-60.25395012,-63.36363494,-59.98535859,-58.31315918,-57.28291216,-59.10992287,-70.09832708,-60.0628257,-60.75455331,-52.80075764,-56.54651567,-57.02777749,-56.99292173,-56.68230158,-59.85584422,-62.83133342,-61.12147994,-61.4489075,-62.29186266,-60.5699222,-64.24492193,-60.7700274,-66.0016104,-63.19027036
-1,0.51,0.01,0.332732531,0.165708411,-0.060252237,0.081006979,-3.377633419,-3.539050552,-48.46339569,-50.94370768,-55.71751718,-51.77570915,-55.47755925,-51.34336484,-54.90744658,-56.65625905,-57.84424727,-56.65998729,-61.07162761,-59.70437247,-56.36664712,-59.96848889,-62.33319881,-52.00374436,-52.81411305,-54.23079084,-55.80730064,-56.87976674,-59.90963858,-58.90591543,-61.91498787,-58.12769781,-59.50717415,-67.60083444,-59.88451516,-59.96879443,-60.47952493,-64.32101133
-1,0.64,0.21,0.286538985,0.135793027,-0.11708147,0.153272898,-3.792146952,-1.748537564,-48.96897155,-53.45892006,-55.78311646,-60.18964514,-51.54543613,-55.76043364,-54.99583655,-57.33700122,-59.85580528,-64.71807212,-56.95118402,-53.64879382,-54.7481809,-55.36343202,-58.03106653,-53.33986969,-53.96751512,-60.35413938,-53.7512613,-57.74047984,-60.54456576,-63.38234873,-65.00694636,-61.61541354,-61.33413937,-58.86206623,-57.38257127,-60.5315776,-59.86278594,-60.88868951
-1,0.87,0.11,0.326127252,0.178469787,-0.824927978,-0.72638222,-2.917005271,-1.291093386,-50.47795749,-49.83110716,-53.19069222,-51.88496465,-51.41144425,-56.58312057,-53.3900974,-58.48915313,-54.70784384,-55.25329204,-54.35436483,-55.76570284,-54.91425402,-56.5665585,-57.07811366,-54.07050079,-54.31980585,-51.88700397,-53.55871961,-54.49118978,-56.57625311,-57.34062477,-58.87342953,-61.75331046,-62.09008583,-63.68373484,-57.96096328,-59.47004438,-60.57860831,-65.64946895
-1,0.61,0.09,0.413475645,0.204404384,-0.242872083,0.131655292,-3.373506816,-2.485380153,-46.62947651,-54.92974987,-55.33547987,-50.53671636,-53.65901842,-55.83918235,-58.9294992,-56.00697541,-55.91621624,-55.89892446,-56.28047931,-59.07246337,-56.12192617,-59.62059686,-56.68836119,-51.91613794,-55.72174551,-53.29986511,-54.36892494,-51.87768603,-57.63904603,-62.25861954,-56.81249696,-57.31071134,-57.14796786,-55.52782816,-58.19839389,-57.51132695,-61.89262075,-59.68562765
-1,0.49,0.12,0.3139143,0.128499453,0.103399103,-0.141319857,-3.208542494,-2.540143203,-47.79029417,-55.4389127,-54.86543433,-53.83059899,-53.93523899,-56.64408364,-55.07676558,-57.19483076,-58.99140196,-55.56704152,-61.77328879,-58.14988976,-56.34949682,-58.2505791,-62.10228903,-52.8183488,-59.43765287,-57.41257924,-54.36186826,-55.71767557,-67.41449485,-65.47248564,-60.56401987,-61.24867494,-66.05674493,-59.10931351,-57.59453456,-60.84941722,-59.37395724,-60.09525578
-1,0.51,0.15,0.313934209,0.118636459,-0.597324804,-0.166378228,-2.90231479,-3.508376455,-47.85348578,-56.36307797,-55.96611685,-53.90634094,-54.11946783,-55.96027727,-57.98303637,-57.80884245,-57.11046909,-57.65863283,-55.61012458,-55.31257364,-54.6569135,-56.47018742,-57.17939733,-52.93841092,-65.65286595,-56.82791467,-57.28092595,-55.47770995,-62.87305325,-60.83881478,-61.60603,-66.7959914,-62.11820652,-57.92047301,-57.00759445,-59.2769679,-68.29997812,-63.40499513
-1,0.59,0.15,0.22972725,0.105129663,-0.816324108,-0.492712109,-3.172946106,-2.664536802,-49.98090198,-52.15257228,-55.9902295,-55.18067013,-55.09323278,-61.42339889,-55.18761855,-59.02633786,-62.52826619,-62.37567084,-56.67627296,-58.57814101,-56.90588059,-57.94354047,-55.99960773,-54.13697534,-56.92918794,-56.17930596,-64.02252775,-57.60451772,-57.4522446,-68.46969435,-60.82260108,-68.60521448,-61.0086035,-61.52898549,-56.77445476,-58.78910517,-59.55820315,-62.72160816
-1,0.3,0.27,0.249003483,0.158857923,-0.22992394,0.115904711,-3.416140151,-3.349016118,-48.99479335,-54.91979431,-53.98066907,-56.20264601,-56.20606341,-56.85910841,-54.74192295,-55.62004759,-59.41744854,-58.4227325,-60.26853147,-58.9618726,-57.50416231,-62.27062884,-59.97417059,-51.19033262,-58.67719992,-53.18358517,-60.32063387,-58.68747794,-62.20923623,-63.35576664,-59.45682565,-62.84293361,-59.92072061,-59.82130088,-57.82139053,-61.42096306,-68.01811647,-63.51267161
-1,0.69,0.05,0.29787201,0.169958635,0.315981207,0.267536835,-2.326890708,-1.021437395,-50.49625911,-49.76329473,-52.90776317,-53.87726141,-55.12276397,-55.76894793,-58.82274347,-52.47792983,-54.53468048,-58.03269119,-58.35721943,-56.14632608,-55.13041814,-60.02591454,-55.06945412,-56.50137699,-55.21840101,-53.00159176,-52.42113285,-53.13579453,-57.56680928,-59.3851716,-63.03315461,-58.14743962,-57.55066456,-63.56320786,-61.33722762,-63.26017233,-61.69143954,-61.58793118
-1,1.16,0.38,0.289658844,0.193477379,-1.114120152,1.156294257,-1.121986284,-3.278140965,-52.79541792,-51.35142956,-52.00090284,-53.97230784,-52.21148416,-54.61206661,-51.53979085,-55.56709489,-52.77677516,-52.74576598,-60.80058762,-54.60367864,-65.47401873,-60.04839955,-63.12571969,-52.33129176,-53.10605398,-52.56530502,-53.55471498,-55.56935772,-57.4923539,-54.80266989,-58.95780641,-63.69129995,-63.76081038,-57.45539173,-58.36835115,-61.98717738,-60.30596871,-60.61161738
-1,0.11,0.78,0.238090549,0.200763192,-0.480931851,1.71517408,-2.230288949,-3.310831352,-50.84688902,-51.82681704,-53.99462359,-55.11419488,-54.37144503,-58.39098869,-54.43362284,-53.22954194,-55.33308054,-65.58242923,-56.38212635,-57.14411371,-63.58990765,-60.20682781,-56.48139029,-53.40886153,-59.7471692,-54.44271394,-52.03629806,-52.7378498,-54.21571806,-58.48085418,-54.82461786,-54.97081193,-58.30732405,-57.2511074,-57.60786632,-59.34420803,-65.28575472,-67.00958967
-1,0.58,0.14,0.311062789,0.207320847,-0.025664608,0.154121876,-3.146632901,-3.605368822,-48.43903211,-63.01939509,-56.51566274,-52.49916435,-53.92784168,-52.70344386,-54.92588209,-56.46103,-56.46827877,-53.49368613,-54.80720525,-55.08714364,-55.32715613,-57.71070078,-66.5599282,-51.04493215,-52.01383897,-52.39227081,-58.66166178,-56.47486642,-59.87815505,-61.43044834,-56.13609375,-58.41182081,-60.40953295,-59.95138104,-57.62003321,-58.24801352,-59.80967197,-61.16317544
-1,0.4,0.19,0.199542445,0.250779254,-0.495644478,0.150968784,-2.337683878,-3.235590896,-51.84855308,-53.23738136,-57.38485811,-52.06822593,-54.28218939,-58.82708889,-64.6585027,-61.42814923,-58.49918726,-55.57767464,-58.60584299,-56.60306728,-58.29123986,-58.51166851,-57.66383201,-49.28042011,-51.36089137,-53.83757576,-55.78390872,-58.07639273,-58.26769163,-57.76392673,-66.52800463,-61.34174298,-58.07360421,-57.53696415,-61.31864677,-67.76938568,-58.24566336,-63.34351605
-1,0.41,0.46,0.32007064,0.146175195,-0.076998328,0.202925714,-3.342201068,-3.228829575,-48.48772694,-52.63463159,-52.75737824,-53.43884231,-52.95081698,-52.17707163,-53.85692436,-58.20244595,-55.65194239,-59.31882842,-60.6895307,-57.48913202,-56.61984172,-58.86757237,-59.13350781,-52.23728533,-54.10721813,-62.1858506,-58.9671917,-54.94782823,-57.59809925,-59.23493307,-57.30433997,-58.43754884,-64.1653822,-58.43312228,-59.26436243,-59.40089586,-60.29694416,-62.11134995
-1,0.36,0.38,0.275835202,0.209478519,-0.922751996,0.624416673,-3.744468864,-1.247319126,-50.50795135,-53.9970229,-51.89748753,-56.0346297,-50.99056535,-55.40642717,-55.38870433,-60.63692987,-52.69961382,-60.77241986,-56.80070031,-53.82089903,-60.43052719,-57.64651728,-56.63590092,-50.74127741,-57.79180774,-51.91069151,-61.54007675,-52.22712649,-58.01445098,-58.83729008,-59.3174511,-58.03832696,-69.33632525,-61.94915482,-57.94812922,-62.0793114,-65.43981246,-62.74933416
-1,0.7,0.09,0.225883681,0.122061956,-0.809936945,-0.201186612,-5.173929992,-1.445782419,-51.64886567,-52.8707042,-53.12939746,-55.60391564,-53.92457863,-53.98068442,-55.67289511,-55.72116462,-54.95646665,-54.95890886,-68.14893961,-56.13930273,-56.91894754,-55.62400771,-62.66281858,-55.58944729,-58.20092428,-59.14493951,-55.98773016,-55.66207601,-54.35297257,-58.10686499,-57.44728572,-57.62576336,-58.04962032,-61.05511823,-60.35138416,-59.37506872,-58.65628461,-60.07542421
-1,0.46,0.19,0.31925802,0.143207877,-0.319260888,0.275546724,-4.198932076,-2.20444315,-48.91728981,-53.43491283,-51.91174422,-49.84148738,-64.7333715,-54.61136019,-56.41391451,-61.99268748,-64.03733922,-57.23081749,-59.55978564,-64.15251237,-56.39803582,-56.04101469,-55.35986251,-53.42344182,-62.94208321,-62.55897468,-52.36056657,-55.78636108,-58.2023162,-59.46799092,-59.12437774,-61.26705017,-59.4065596,-57.44456678,-57.65130252,-60.42171861,-62.71353207,-66.3808507
-1,0.22,0.23,0.30777871,0.166402362,-0.03655515,-0.253606668,-3.660744043,-2.103979985,-50.25476319,-53.46097467,-50.41019673,-56.31188695,-51.98773777,-52.39510221,-56.86031544,-51.92608342,-60.19234436,-53.14613874,-56.88938405,-63.89706797,-60.54061731,-61.50647485,-55.87742799,-54.68243502,-54.64161452,-52.169252,-58.37732898,-54.14791465,-55.47859338,-63.81819313,-57.64311075,-62.21427868,-61.39009667,-55.70393638,-57.37470446,-58.6422874,-61.14290879,-60.16243318
-1,0.26,0.13,0.245480834,0.122884839,-0.266669418,-0.175137469,-3.308820305,-3.206125194,-49.53894007,-52.6870261,-56.4661574,-53.28303933,-54.35511675,-57.33394995,-54.82626113,-57.24622636,-58.81539779,-58.4766246,-56.8745946,-58.96087922,-58.08510231,-60.98521676,-60.51503567,-52.35643482,-55.92041146,-58.78530751,-59.676677,-58.80291363,-59.53873716,-59.39440763,-59.77419998,-58.48414255,-59.25894992,-59.74549225,-57.92419965,-62.86505534,-66.19143342,-66.01622181
-1,0.54,0.07,0.298819945,0.123113499,-0.340420806,-0.345264044,-2.565238713,-2.620093302,-49.260598,-51.14744729,-51.09387605,-54.66627536,-55.61378368,-58.2930926,-55.86564925,-54.19737528,-57.93819846,-55.42794855,-55.97132307,-65.94587977,-57.97397012,-56.25222344,-59.34260615,-63.38090149,-53.81162672,-54.14231133,-58.18406182,-55.60622156,-57.13835053,-61.15808014,-61.88467013,-55.87844637,-63.69015715,-60.72292834,-59.28508593,-63.16038498,-65.18275493,-63.34670346
-1,0.64,0.12,0.404820562,0.208130631,-0.205760726,-0.039713305,-4.014573919,-3.41399595,-46.63692242,-59.19465565,-53.86648338,-53.73610561,-54.90525687,-52.79334944,-53.50554774,-60.72116462,-54.64909748,-60.88697709,-55.47750909,-59.56577752,-55.53963749,-57.4906024,-55.67150415,-51.11422577,-54.47899883,-51.37012327,-53.73063454,-60.37467223,-61.28864042,-65.45573668,-55.47885318,-64.79663421,-57.35269169,-59.66499803,-59.09129802,-62.19875303,-63.65959284,-60.92060332
-1,0.57,0.12,0.248291034,0.183276388,1.072855885,-0.083816859,-3.040627933,-2.847613265,-52.1434068,-50.38190735,-56.902353,-52.68755968,-53.3639181,-55.00363497,-55.60748898,-57.7677624,-54.31981224,-59.53996901,-57.12326933,-58.2069822,-54.66034081,-60.37728329,-63.45549477,-54.35125487,-53.71207394,-53.17703355,-52.1195255,-54.60886329,-55.49409235,-56.67605098,-61.39185637,-58.00012443,-66.80449434,-58.38273436,-58.53782834,-69.24856993,-61.00265663,-66.79289078
-1,0.23,0.09,0.191682517,0.10409534,0.126053975,0.873226034,-2.421908803,-2.402739185,-50.579849,-57.76668194,-55.15034181,-60.51510868,-57.86983476,-54.15823268,-55.07631866,-59.96923533,-56.69631114,-58.71584036,-61.40782026,-57.65872129,-59.02910033,-59.80791835,-57.21589283,-54.37404172,-55.6451651,-56.13380577,-61.02342357,-56.47080554,-61.84156922,-61.05209345,-59.58347801,-58.13984601,-64.36583533,-58.31475371,-62.09338394,-62.65543574,-63.24653342,-65.04917608
-1,0.75,0.28,0.229537366,0.150872139,-1.241965166,-0.566056138,-9.36157895,-1.844796993,-50.31086926,-55.02360946,-53.23986351,-55.44481098,-56.02396692,-55.59522538,-57.32534765,-61.51209634,-58.03741226,-57.675571,-56.99274034,-54.64085531,-55.82709597,-54.99125772,-55.8915138,-55.5590588,-56.77982367,-56.81814713,-52.6432538,-55.32831247,-54.77035917,-59.04935352,-55.70252526,-57.29938832,-58.9288796,-64.593882,-58.44340375,-63.98139665,-59.40842014,-64.44685828
-1,0.16,0.18,0.168605262,0.102177465,-0.05696248,-0.156916842,-2.975716005,-2.870649072,-52.08019826,-52.17276158,-59.91558173,-57.88814212,-57.74604775,-56.54996655,-58.728003,-58.16479931,-59.2995219,-58.73003707,-58.17053238,-56.06677773,-59.85503679,-60.74586171,-60.14834008,-66.78102165,-53.57609657,-57.00335064,-59.67631066,-60.76047561,-57.08199533,-61.98492777,-60.04209974,-61.00937932,-59.36943289,-58.29436231,-58.36015714,-68.61882315,-58.73287212,-62.97619398
-1,0.21,0.21,0.131023242,0.118314993,0.823155346,0.214510309,-3.151633713,-2.961217447,-51.9605305,-56.36590375,-59.04448074,-57.96617194,-56.42938662,-59.10466306,-60.95049996,-58.88852892,-64.7501539,-60.96424806,-58.66779003,-60.26679758,-65.23589463,-60.65690638,-60.90997204,-53.53855308,-59.17137022,-56.59058356,-54.43945849,-58.15753226,-62.49715197,-59.1551386,-64.25154055,-60.49207569,-58.34691971,-62.82175378,-57.00129885,-59.49591093,-61.47350512,-65.25363468
-1,0.45,0.17,0.18240553,0.137891134,-0.452802095,-0.599449635,-3.135304147,-2.586927273,-50.86138803,-55.45610099,-58.13297815,-56.10841163,-56.34522913,-56.57413061,-62.19535024,-64.55111567,-57.52744544,-58.40997729,-58.02329339,-57.04290207,-56.30812415,-56.80978169,-56.09052867,-52.14627806,-57.45715885,-55.1574196,-56.92128606,-59.4022994,-57.584453,-56.57025981,-60.47373781,-59.8470094,-59.62824988,-59.20173955,-63.18882119,-58.69200045,-62.04567729,-62.6296823
-1,1.47,0.07,0.28612016,0.10848342,-0.502055496,0.332746303,-4.163139604,-3.253912866,-51.05852188,-57.80017281,-55.75792272,-55.13930999,-52.92016216,-60.22832931,-52.99815458,-53.985059,-51.97765606,-53.57721135,-51.92025785,-56.14701167,-52.48101679,-54.2260616,-60.78435553,-54.62216463,-55.94812788,-57.33181566,-55.87099719,-58.86897132,-59.52863588,-70.96526549,-60.00219651,-56.23638024,-63.19762817,-57.30936344,-60.21748958,-62.0466599,-62.74774984,-63.86941432
-1,0.63,0.13,0.178760653,0.125820743,-1.002782581,0.807291714,-3.871929114,-4.353361897,-52.44798623,-54.57200382,-54.61662426,-53.42029838,-55.52908325,-56.94864663,-55.13777961,-58.93446747,-57.29497445,-56.60418655,-57.33709141,-59.18311691,-57.51742876,-59.15763759,-59.66600714,-56.19248685,-53.47667942,-54.63658317,-57.06231826,-60.82050792,-57.66345043,-62.93466875,-61.87340923,-61.4851986,-58.811467,-58.17882732,-57.44813895,-58.87296985,-58.46538679,-60.2095642
-1,0.2,0.23,0.226085705,0.175872823,-0.334715974,-0.312099821,-3.169308973,-3.123574162,-49.51163894,-54.44010545,-54.32145206,-57.27492834,-53.63706258,-59.4072378,-58.58176224,-56.47843918,-59.17372146,-63.7585107,-59.93864951,-58.66540293,-57.66544696,-61.60486073,-64.83832529,-51.85104415,-58.68907262,-52.69894264,-55.30688857,-53.73190007,-60.95912336,-56.19961186,-59.83924062,-60.1825665,-60.88724464,-58.77246505,-57.53969109,-63.21353629,-62.1726085,-61.24180462
-1,1.03,0.19,0.357623312,0.202376264,-0.594772603,0.316900019,-4.309908446,-3.961348139,-49.55386405,-50.99590945,-49.22937869,-54.87014169,-55.64885454,-54.9846057,-59.64805217,-53.53429342,-54.15957629,-54.97940671,-52.66397126,-55.26818268,-54.79172334,-55.48085558,-54.71687751,-51.2880882,-52.6351903,-53.01861824,-53.25539461,-56.57276434,-59.35673617,-61.43479586,-57.58622682,-62.10476403,-58.06447697,-58.03021655,-59.46595484,-58.59364649,-60.40270291,-59.4725622
-1,0.54,0.26,0.218456947,0.292020005,-0.246225437,0.631841028,-4.447168427,-4.515876589,-51.18157828,-57.27180702,-53.12659913,-54.12897059,-52.61731315,-58.30951523,-56.32742197,-54.78361822,-55.35530295,-58.64470805,-56.00591823,-64.1695906,-55.61912901,-59.54721069,-65.15315781,-49.41372559,-49.69961961,-53.41862968,-55.99371385,-52.74569829,-57.95360095,-60.14367635,-58.93446747,-57.9726352,-61.20118233,-61.21279163,-57.99953609,-59.62085212,-57.3645199,-60.90412181
-1,0.61,0.08,0.241369587,0.173477473,0.525629629,1.026999974,-3.409284367,-1.324635818,-50.08905022,-54.31973655,-55.46319828,-59.41014776,-53.11691624,-54.10466374,-55.25067471,-56.83739356,-59.67537699,-61.08188215,-56.57543479,-54.30518057,-54.74963355,-57.14288104,-56.41234339,-51.57719159,-58.02134298,-53.62385574,-60.44217903,-53.21102038,-56.66058251,-59.08179901,-59.27291237,-58.61471901,-58.14361722,-60.64956779,-60.07975928,-58.82192642,-64.22001081,-59.71902552
-1,0.28,0.34,0.271915766,0.141636294,0.762513801,0.150455795,-2.910308749,-2.918778055,-49.60822631,-51.67243853,-54.24086535,-53.4275763,-52.76082848,-54.30054233,-59.85000322,-55.39898859,-61.99847388,-60.38599868,-55.86504383,-56.16608203,-56.00880936,-58.93335735,-59.23864101,-53.00095898,-57.84130071,-54.4374384,-54.27916266,-55.68546817,-63.52998401,-63.31318601,-61.49945309,-58.49974243,-61.67526675,-58.27996521,-56.03549505,-72.2146084,-63.16443621,-63.36881183
-1,0.24,0.19,0.121937484,0.113024818,-0.410201309,-0.624167297,-3.865167358,-2.415997951,-60.45871426,-53.56532234,-56.70971669,-53.94808111,-55.95172852,-64.1791313,-63.26107773,-64.10023252,-59.26071946,-57.67221778,-63.4139588,-63.76873027,-63.87626516,-60.43175912,-58.77092251,-56.95758205,-63.75875724,-53.9595852,-56.01511544,-57.96043003,-56.9176061,-59.5583802,-62.49311675,-58.53879726,-59.31962365,-58.43418583,-58.28452429,-66.74455209,-58.29820926,-58.90216136
-1,1.47,0.08,0.417256549,0.18393167,-0.179859452,0.238036626,-4.064540576,-3.146451923,-51.71609538,-49.61785026,-59.6060746,-53.57676304,-48.5969043,-50.90819675,-51.25600506,-53.01097871,-52.85279002,-51.25679477,-60.94963871,-56.68291345,-53.29905665,-55.13932774,-57.38598521,-51.08312231,-56.251892,-52.48541184,-55.61308148,-54.83562204,-64.74688841,-59.25330675,-62.42448663,-58.66294746,-60.27371022,-57.66364748,-59.60469875,-61.63865729,-63.79024567,-64.27816195
-1,0.72,0.12,0.296783374,0.101085901,0.140452803,-0.054165912,-4.541547332,-2.926611915,-54.83879379,-50.25366818,-50.61345284,-51.53358224,-52.37619723,-53.7361652,-58.72458884,-56.56374322,-57.15613598,-54.15192722,-55.52335962,-57.34283073,-55.59450473,-58.04675195,-60.03325639,-59.01798091,-54.57347121,-59.48016788,-54.84849651,-71.37228091,-56.68728218,-58.07178934,-65.6905492,-59.28247852,-66.34256638,-59.06170277,-59.06815879,-66.98993134,-61.85863727,-63.12803646
-1,0.25,0.09,0.128012145,0.091629668,-0.238958006,-0.0559204,-3.438811887,-2.683188658,-52.58290904,-57.51890239,-58.33173041,-65.08843335,-54.58216505,-56.40786094,-61.53120238,-57.69659666,-68.24146663,-58.85495229,-64.34792385,-60.41356997,-62.4823866,-59.62707927,-68.68223598,-53.8730384,-57.09570964,-59.670329,-57.37123581,-59.35883097,-67.04280665,-61.33515486,-61.93030696,-60.06059372,-63.66295789,-60.45395176,-63.69839516,-60.43197169,-63.1898169,-61.73438306
-1,0.21,0.15,0.132873515,0.101947827,-0.553022124,-0.123445368,-2.231502011,-2.332477153,-52.39168749,-58.21969453,-55.0625936,-57.00283134,-60.03508913,-57.42321945,-56.13739433,-61.2609175,-60.32578999,-60.00086448,-59.69610409,-59.77906626,-66.03599039,-60.70927538,-60.31604875,-60.11428315,-54.10958469,-55.53704391,-58.60589838,-59.37964393,-57.22729172,-59.44782081,-58.41023808,-61.51097483,-60.65904955,-58.34154106,-60.98732275,-68.87741566,-61.54404466,-64.46163801
-1,0.74,0.26,0.251610244,0.19347536,0.045488937,0.368276312,-3.090225118,-2.013581616,-49.56556337,-55.77171234,-56.39243896,-51.96159511,-55.25118763,-57.63638576,-59.8405735,-55.07766782,-54.31862175,-61.52746018,-54.32960184,-59.21353184,-57.10068568,-57.24796981,-58.84399917,-53.19322202,-52.81279419,-58.86391694,-51.52424173,-56.01289135,-56.80225603,-56.62668752,-59.24595117,-54.89608634,-57.91252508,-58.84924747,-57.10716849,-61.61261598,-59.36513125,-61.14235041
-1,0.18,0.13,0.197677679,0.085832322,-0.088523187,0.339715109,-2.673432559,-4.30183345,-50.39327985,-55.89631123,-54.93690673,-55.21559748,-59.6484629,-55.8067823,-54.25334471,-58.19142672,-63.83919072,-57.39225287,-64.49434788,-59.50643931,-57.68792006,-57.52625806,-60.73863246,-56.98358661,-56.56058246,-55.40785518,-62.28304171,-61.5080398,-63.80943855,-59.43623502,-60.85280932,-61.19029585,-60.67979839,-59.49825424,-57.17852049,-61.40806796,-67.54923393,-61.80062939
